Date and Time: 2025-10-10 11:12:28,,,,,,,,,,
Approximate Polling Time: 100 ms,,,,,,,,,,
Comments: No comments provided,,,,,,,,,,
timestamp/s,voltage/V,current/A,thermistor_0/C,thermistor_1/C,thermistor_2/C,thermistor_3/C,thermistor_4/C,thermistor_5/C,thermistor_6/C,thermistor_7/C
65.77647805,3.325,2.442,32.17996,32.19867,32.20245,32.16339,32.21686,32.18506,32.24017,32.15979
65.85195613,1.842,1.99,32.18192,32.19415,32.2001,32.16293,32.21747,32.18533,32.24017,32.16162
65.92617202,0.79,1.378,32.18445,32.19196,32.1998,32.16302,32.21762,32.18576,32.2399,32.16116
66.00299501,-0.806,-0.897,32.19128,32.18912,32.19724,32.16263,32.21796,32.18573,32.23953,32.1608
66.07618618,-1.842,-0.821,32.1976,32.18771,32.19623,32.16248,32.21756,32.18613,32.23972,32.16095
66.15480494,-3.325,-0.973,32.20987,32.18747,32.19452,32.16129,32.2171,32.18607,32.2403,32.1604
66.24343204,-4.226,-1.411,32.21854,32.18881,32.1929,32.16049,32.21652,32.18637,32.24017,32.16083
66.305269,-5.382,-1.843,32.23346,32.18964,32.19244,32.16013,32.21664,32.18613,32.23996,32.16028
66.38024712,-5.993,-2.344,32.24283,32.19205,32.19138,32.15927,32.21573,32.18594,32.24014,32.15942
66.4573071,-6.656,-2.755,32.26025,32.19629,32.19006,32.15851,32.21552,32.18634,32.24084,32.15906
66.53315711,-6.906,-3.12,32.27094,32.19916,32.18976,32.15787,32.21494,32.18665,32.24005,32.15817
66.60809708,-6.984,-3.373,32.28351,32.20511,32.18924,32.15723,32.21494,32.18533,32.23981,32.15884
66.68172097,-6.833,-3.515,32.29288,32.20877,32.19006,32.15726,32.21466,32.18619,32.24014,32.15829
66.75811601,-6.311,-3.555,32.30316,32.21423,32.19,32.15643,32.21466,32.18567,32.24005,32.15842
66.83307409,-5.784,-3.442,32.3092,32.21805,32.19177,32.15558,32.2149,32.18619,32.24045,32.15717
66.90901613,-4.74,-3.26,32.31332,32.22455,32.19275,32.15625,32.21439,32.18515,32.2406,32.15918
66.98376703,-3.898,-2.894,32.31674,32.22751,32.194,32.15598,32.2146,32.18546,32.2402,32.16016
67.059515,-2.478,-2.496,32.31631,32.23239,32.19528,32.15613,32.21442,32.18567,32.24014,32.15973
67.13448715,-1.466,-1.917,32.31458,32.23444,32.1965,32.15628,32.21463,32.18597,32.23969,32.16046
67.21047115,0.122,1.372,32.30823,32.23804,32.19836,32.15726,32.21457,32.18445,32.24023,32.1611
67.28565216,1.19,0.914,32.30258,32.23926,32.20026,32.15704,32.21463,32.18521,32.2402,32.16083
67.36139917,2.707,0.785,32.29202,32.23975,32.20139,32.15826,32.21478,32.185,32.23996,32.16086
67.43614697,3.661,1.064,32.28345,32.23932,32.20273,32.15894,32.21478,32.18472,32.23984,32.16104
67.51230812,4.918,1.417,32.26996,32.23819,32.20386,32.15927,32.21494,32.18515,32.2403,32.16119
67.58733416,5.61,1.899,32.26093,32.23605,32.20468,32.15952,32.21497,32.18481,32.23953,32.15952
67.66743517,6.413,2.318,32.24408,32.23367,32.2067,32.16013,32.21454,32.18536,32.23956,32.15958
67.73983312,6.766,2.726,32.23615,32.23056,32.20566,32.16061,32.21442,32.18521,32.23996,32.16098
67.81528807,6.996,3.024,32.22137,32.22516,32.2063,32.16202,32.21454,32.18463,32.24002,32.15921
67.89107108,6.948,3.226,32.21222,32.22168,32.20667,32.16245,32.21454,32.18512,32.23999,32.1586
67.96720815,6.576,3.328,32.19989,32.21588,32.20654,32.16312,32.2153,32.18503,32.23975,32.15933
68.04123998,6.133,3.277,32.19281,32.21155,32.20566,32.16318,32.2149,32.18497,32.23969,32.15948
68.11773014,5.221,3.147,32.18509,32.20599,32.20465,32.1626,32.21643,32.18481,32.23975,32.15817
68.19185305,4.447,2.843,32.18274,32.20224,32.20337,32.16312,32.21649,32.18555,32.23917,32.15927
68.270787,3.107,2.493,32.1806,32.19742,32.20145,32.16318,32.21664,32.186,32.23941,32.16022
68.34266806,2.129,1.96,32.17987,32.19418,32.20074,32.16306,32.21667,32.18509,32.23969,32.16016
68.41873312,0.562,1.443,32.18314,32.1904,32.19861,32.16235,32.21725,32.18488,32.23962,32.16064
68.49432015,-0.509,-0.94,32.18796,32.18814,32.19763,32.16205,32.21719,32.18521,32.23907,32.16046
68.57174397,-2.078,-0.75,32.19748,32.18716,32.19571,32.16095,32.21713,32.18552,32.23932,32.16058
68.64751101,-3.059,-1.008,32.20541,32.18674,32.19397,32.16055,32.21692,32.18552,32.23962,32.16061
68.723207,-4.406,-1.354,32.21851,32.18692,32.19214,32.16043,32.21637,32.18588,32.23932,32.15991
68.79679418,-5.185,-1.86,32.22818,32.18839,32.19153,32.15906,32.21634,32.18533,32.23987,32.15921
68.87314796,-6.116,-2.307,32.24426,32.1918,32.19034,32.15897,32.21576,32.18527,32.24005,32.15808
68.94830704,-6.558,-2.759,32.25531,32.19397,32.19028,32.15833,32.21527,32.18533,32.24036,32.15756
69.02421117,-6.942,-3.105,32.27063,32.19876,32.18921,32.15759,32.21442,32.18484,32.23984,32.15808
69.10080314,-6.997,-3.369,32.27994,32.20248,32.18896,32.15704,32.21429,32.18546,32.23962,32.15689
69.17560315,-6.78,-3.521,32.29196,32.20825,32.18921,32.1568,32.21295,32.18549,32.24023,32.15741
69.25023007,-6.434,-3.54,32.29953,32.21255,32.18982,32.15598,32.21417,32.18484,32.24072,32.15854
69.32733297,-5.641,-3.469,32.30884,32.21753,32.19174,32.15552,32.21378,32.18597,32.23959,32.15891
69.40306211,-4.955,-3.229,32.31305,32.22131,32.19238,32.15555,32.21326,32.18518,32.23984,32.1586
69.47655916,-3.706,-2.936,32.3154,32.22629,32.1925,32.15533,32.21365,32.18411,32.2403,32.15921
69.55123496,-2.755,-2.462,32.31561,32.23004,32.19348,32.15579,32.21439,32.18509,32.23984,32.15909
69.62855911,-1.224,-1.973,32.31259,32.23428,32.19681,32.15576,32.21436,32.18408,32.23993,32.16092
69.7051971,-0.175,-1.331,32.30823,32.23615,32.19763,32.15634,32.21417,32.1846,32.23962,32.16098
69.78019595,1.415,0.863,32.29987,32.23782,32.19928,32.15683,32.21454,32.18469,32.23926,32.16046
69.85749698,2.444,0.836,32.29297,32.23819,32.20038,32.15726,32.21442,32.18445,32.2395,32.16034
69.92933416,3.853,1.013,32.28073,32.23819,32.20236,32.15833,32.2142,32.18439,32.23956,32.16043
70.00461602,4.7,1.447,32.27191,32.23761,32.20258,32.15872,32.21396,32.18387,32.23962,32.16019
70.08112001,5.754,1.861,32.25742,32.23477,32.20416,32.15967,32.21387,32.1839,32.23929,32.15945
70.15765309,6.288,2.332,32.24683,32.23309,32.20447,32.15958,32.21432,32.18521,32.23969,32.15884
70.23390603,6.821,2.705,32.23221,32.22906,32.20575,32.16055,32.21399,32.18414,32.23984,32.15912
70.30758905,6.98,3.022,32.22263,32.22562,32.20676,32.16064,32.2132,32.18417,32.23969,32.15891
70.38320017,6.914,3.226,32.20883,32.21982,32.20642,32.16168,32.21393,32.18546,32.23935,32.15848
70.46022701,6.673,3.312,32.20145,32.21579,32.2052,32.1622,32.21448,32.18417,32.23907,32.15906
70.53608608,6.02,3.299,32.19049,32.21045,32.2038,32.1629,32.21432,32.18481,32.23959,32.15857
70.60814095,5.404,3.123,32.18622,32.20645,32.20404,32.16223,32.21478,32.18497,32.23865,32.15912
70.685745,4.255,2.881,32.18054,32.20074,32.202,32.16254,32.21567,32.18448,32.23917,32.15964
70.76175714,3.372,2.465,32.17874,32.1972,32.20126,32.16183,32.21545,32.18484,32.23926,32.15884
70.83701301,1.894,2.015,32.18027,32.19296,32.19913,32.16229,32.21652,32.18433,32.23944,32.15958
70.91026306,0.842,1.405,32.18253,32.19006,32.19836,32.16132,32.21664,32.18445,32.23874,32.15979
70.98751998,-0.737,-0.915,32.18918,32.18753,32.19644,32.1611,32.21634,32.18414,32.23907,32.16025
71.06152511,-1.792,-0.818,32.1954,32.18613,32.19543,32.16046,32.21649,32.18475,32.23917,32.15967
71.14054418,-3.278,-0.965,32.20706,32.18597,32.19299,32.15994,32.21643,32.18506,32.23911,32.15994
71.21424913,-4.171,-1.392,32.216,32.18625,32.19205,32.15973,32.21591,32.18509,32.23938,32.15967
71.29150009,-5.336,-1.821,32.2308,32.18854,32.19019,32.15875,32.21533,32.18475,32.23938,32.15973
71.36501217,-5.965,-2.323,32.24216,32.1904,32.18933,32.1575,32.21494,32.18533,32.2395,32.15836
71.4407661,-6.641,-2.737,32.25714,32.19379,32.18915,32.15717,32.21448,32.1846,32.23932,32.15744
71.51649714,-6.898,-3.108,32.26791,32.19772,32.18906,32.15665,32.21371,32.18555,32.23901,32.15659
71.59385014,-6.988,-3.365,32.28299,32.20297,32.18756,32.15564,32.21347,32.18567,32.23871,32.15717
71.67623115,-6.844,-3.512,32.29053,32.20724,32.18839,32.15536,32.21335,32.185,32.23962,32.15726
71.74858999,-6.341,-3.556,32.30182,32.21222,32.18936,32.15579,32.21338,32.1846,32.23959,32.15726
71.82433796,-5.814,-3.449,32.30676,32.21671,32.19064,32.15567,32.21286,32.18512,32.23907,32.15887
71.90208602,-4.778,-3.267,32.31247,32.22275,32.19077,32.15485,32.21335,32.18439,32.23969,32.15787
71.96813107,-3.955,-2.907,32.31491,32.22583,32.1926,32.15424,32.21338,32.18463,32.23929,32.15839
72.04428506,-2.544,-2.517,32.31485,32.22983,32.19476,32.15509,32.21332,32.18436,32.23907,32.15945
72.11912203,-1.518,-1.94,32.31284,32.23312,32.19553,32.15561,32.21381,32.18408,32.23901,32.15964
72.19612908,0.07,1.395,32.30673,32.23602,32.19748,32.15561,32.21338,32.18448,32.23901,32.15961
72.27181196,1.121,0.92,32.30188,32.23734,32.19809,32.15671,32.2139,32.18399,32.23914,32.1604
72.34820199,2.658,0.774,32.29129,32.23834,32.1998,32.15637,32.21378,32.18408,32.23892,32.15997
72.42735696,3.616,1.048,32.28281,32.23776,32.20148,32.15747,32.21375,32.18417,32.23889,32.16025
72.49765897,4.88,1.398,32.26944,32.23651,32.20264,32.15826,32.21368,32.1843,32.23907,32.159
72.57277203,5.579,1.88,32.25964,32.23495,32.203,32.15869,32.21381,32.18335,32.23938,32.15784
72.65020204,6.392,2.301,32.24451,32.23181,32.20447,32.15967,32.21295,32.18353,32.2392,32.1593
72.72420502,6.752,2.713,32.23477,32.22937,32.20471,32.16003,32.21326,32.18405,32.23907,32.15808
72.80080295,6.994,3.013,32.2196,32.22382,32.20477,32.16068,32.21356,32.18372,32.23886,32.15741
72.87453794,6.955,3.221,32.21115,32.22049,32.20538,32.16129,32.21356,32.18396,32.23843,32.15735
72.95828795,6.594,3.323,32.19934,32.2153,32.2041,32.16113,32.21356,32.18393,32.23898,32.15778
73.0372901,6.167,3.281,32.19159,32.21121,32.20386,32.16171,32.21347,32.18427,32.23904,32.15762
73.10977507,5.256,3.156,32.18692,32.20477,32.20166,32.16187,32.21408,32.1846,32.2388,32.15775
73.17668509,4.488,2.855,32.18048,32.20123,32.20212,32.16251,32.2146,32.18402,32.23816,32.15863
73.25329399,3.154,2.511,32.17871,32.19589,32.20078,32.16183,32.21521,32.18417,32.23907,32.15961
73.32961702,2.179,1.98,32.17844,32.19302,32.19922,32.16129,32.21536,32.18393,32.23862,32.15939
73.40525413,0.614,1.465,32.18204,32.18896,32.198,32.16083,32.21591,32.18387,32.23816,32.15952
73.48371005,-0.456,-0.95,32.18619,32.18689,32.19589,32.16061,32.2157,32.18414,32.23862,32.15952
73.55446815,-2.011,-0.742,32.19611,32.18558,32.19382,32.16016,32.21646,32.18457,32.23871,32.15942
73.62860203,-3.012,-0.988,32.20352,32.18491,32.19275,32.15958,32.21576,32.18427,32.23856,32.15878
73.71083903,-4.366,-1.33,32.21664,32.18567,32.19144,32.15887,32.21536,32.18433,32.23856,32.15921
73.79051614,-5.138,-1.838,32.22647,32.18713,32.19046,32.15805,32.21494,32.18417,32.23856,32.15826
73.85855317,-6.082,-2.281,32.24329,32.1893,32.18814,32.15717,32.2146,32.185,32.23853,32.15689
73.93230009,-6.54,-2.743,32.25226,32.19275,32.18915,32.15598,32.21423,32.18558,32.23923,32.15805
74.00710297,-6.935,-3.089,32.26782,32.19809,32.18689,32.15552,32.21423,32.18555,32.23904,32.1557
74.08426595,-6.998,-3.36,32.27795,32.20071,32.18741,32.15515,32.2131,32.18484,32.23901,32.15717
74.15991998,-6.792,-3.517,32.29056,32.20673,32.18933,32.15424,32.21323,32.18454,32.23901,32.1572
74.23330712,-6.455,-3.54,32.29877,32.21005,32.18814,32.15433,32.21304,32.18439,32.23886,32.15665
74.31070209,-5.672,-3.475,32.30573,32.21756,32.19031,32.15433,32.21219,32.18402,32.23889,32.15765
74.39199495,-4.992,-3.24,32.31042,32.22049,32.19012,32.15417,32.21268,32.18414,32.23923,32.15805
74.46483803,-3.75,-2.952,32.31335,32.22583,32.19104,32.15479,32.21304,32.1835,32.2384,32.15845
74.53764009,-2.803,-2.482,32.31351,32.22885,32.1922,32.15433,32.21283,32.18442,32.23865,32.15845
74.61332798,-1.294,-1.996,32.31085,32.23306,32.19409,32.15439,32.21298,32.18311,32.23874,32.15909
74.68666911,-0.228,-1.361,32.30707,32.23535,32.19589,32.15533,32.21304,32.18326,32.23874,32.15955
74.76430106,1.363,0.877,32.29889,32.23709,32.19736,32.15546,32.21307,32.18362,32.23825,32.15933
74.83793116,2.378,0.831,32.29181,32.23758,32.19888,32.15686,32.2128,32.18295,32.23834,32.15909
74.91431904,3.81,0.997,32.28006,32.23697,32.20053,32.15668,32.21304,32.18335,32.23795,32.1597
74.988626,4.662,1.426,32.27094,32.23587,32.20129,32.15729,32.2128,32.18329,32.23862,32.15918
75.06689095,5.724,1.84,32.2562,32.23398,32.20319,32.15851,32.21277,32.18268,32.23785,32.159
75.14514112,6.264,2.314,32.24557,32.23132,32.20334,32.15894,32.2124,32.1832,32.23859,32.15842
75.221035,6.809,2.691,32.23199,32.2265,32.20541,32.15906,32.21292,32.18259,32.23798,32.1572
75.29059696,6.977,3.01,32.22208,32.22415,32.20432,32.15973,32.21268,32.1835,32.23825,32.15741
75.36786413,6.923,3.221,32.20761,32.21844,32.20392,32.16095,32.2131,32.18414,32.23889,32.15753
75.44383502,6.689,3.311,32.20078,32.21512,32.20444,32.16101,32.21295,32.18304,32.23801,32.15775
75.52131701,6.047,3.302,32.18951,32.20831,32.20236,32.16101,32.21368,32.18304,32.23868,32.15735
75.59428906,5.449,3.132,32.18442,32.20468,32.20218,32.16119,32.21356,32.18372,32.23822,32.15695
75.67020702,4.31,2.897,32.17966,32.19974,32.20123,32.16092,32.21408,32.18362,32.23831,32.15802
75.74431801,3.418,2.481,32.17825,32.19644,32.2002,32.16086,32.21484,32.18362,32.23798,32.15912
75.82094407,1.944,2.036,32.17899,32.19122,32.1976,32.16107,32.21521,32.18381,32.23764,32.15878
75.89555502,0.912,1.423,32.18039,32.18863,32.19711,32.16071,32.21552,32.18317,32.23798,32.15887
75.97138715,-0.684,-0.933,32.1875,32.18643,32.19516,32.15991,32.21506,32.18381,32.23828,32.15952
76.0462091,-1.74,-0.818,32.19394,32.18518,32.19373,32.15982,32.21509,32.18338,32.23804,32.159
76.12315512,-3.232,-0.952,32.20523,32.18463,32.19208,32.159,32.215,32.18344,32.23795,32.15845
76.19763803,-4.128,-1.374,32.21359,32.18512,32.1915,32.15839,32.21469,32.18304,32.23785,32.15854
76.27471709,-5.302,-1.802,32.22968,32.18661,32.18967,32.15683,32.21469,32.18381,32.23831,32.15799
76.34756613,-5.938,-2.302,32.23938,32.1889,32.18839,32.15643,32.21414,32.18378,32.23843,32.15753
76.42917609,-6.618,-2.721,32.25626,32.19318,32.18729,32.15607,32.21381,32.18314,32.23856,32.15646
76.51111698,-6.888,-3.094,32.26572,32.19592,32.18719,32.15533,32.21252,32.18369,32.2381,32.15686
76.57648516,-6.99,-3.355,32.28058,32.20169,32.18738,32.15472,32.2128,32.18381,32.23822,32.15546
76.65110517,-6.858,-3.508,32.2887,32.20505,32.18692,32.15436,32.21243,32.18417,32.23798,32.15585
76.728585,-6.362,-3.556,32.29944,32.21063,32.18964,32.15439,32.21213,32.1839,32.23795,32.1568
76.80172706,-5.843,-3.455,32.30508,32.21478,32.18808,32.15381,32.21179,32.18295,32.23849,32.15732
76.88033915,-4.817,-3.277,32.31042,32.22137,32.18887,32.15485,32.211,32.18445,32.23764,32.15707
76.95434904,-4,-2.922,32.31238,32.22394,32.19012,32.15393,32.21185,32.18387,32.23859,32.1571
77.02841997,-2.593,-2.536,32.31247,32.2294,32.19302,32.15414,32.21222,32.18304,32.23822,32.1579
77.10531306,-1.57,-1.965,32.31113,32.23151,32.19318,32.15369,32.2128,32.1828,32.23831,32.15869
77.18234396,0.017,1.418,32.30579,32.23456,32.19574,32.15509,32.21259,32.1828,32.23734,32.15793
77.25735617,1.068,0.928,32.30026,32.23593,32.19672,32.15518,32.21252,32.1828,32.23758,32.15872
77.33121109,2.609,0.768,32.29053,32.23734,32.19888,32.15588,32.21243,32.18304,32.23816,32.15903
77.406358,3.57,1.034,32.28217,32.23679,32.19962,32.15594,32.21198,32.18265,32.23785,32.15851
77.48319006,4.83,1.377,32.26819,32.23529,32.20126,32.15726,32.21222,32.18259,32.23749,32.15811
77.55883098,5.546,1.863,32.25845,32.23373,32.20184,32.15732,32.21213,32.18335,32.23764,32.15762
77.63842702,6.37,2.282,32.24387,32.23062,32.203,32.15796,32.21191,32.18301,32.23779,32.15747
77.70769095,6.733,2.696,32.23413,32.228,32.20438,32.15863,32.21188,32.18356,32.23807,32.1582
77.78493595,6.991,3.003,32.21793,32.22302,32.20529,32.15961,32.21179,32.18219,32.23727,32.15826
77.86136603,6.96,3.213,32.21014,32.21921,32.20425,32.16013,32.21228,32.18268,32.23764,32.15689
77.93769407,6.612,3.321,32.19733,32.21353,32.20364,32.1604,32.21252,32.18283,32.23727,32.15674
78.01026011,6.192,3.284,32.19153,32.21002,32.20276,32.16064,32.21298,32.18311,32.23773,32.15613
78.08506799,5.291,3.165,32.18271,32.20355,32.20203,32.1611,32.21295,32.18277,32.23758,32.15741
78.15982413,4.529,2.87,32.17929,32.19995,32.20145,32.16116,32.21381,32.18295,32.23746,32.15765
78.23608994,3.2,2.53,32.17664,32.19461,32.19922,32.16068,32.21381,32.18375,32.23712,32.15717
78.31213212,2.23,2.001,32.17712,32.19153,32.19806,32.16013,32.21463,32.18289,32.23758,32.15808
78.3888731,0.667,1.483,32.18094,32.18729,32.19681,32.16013,32.21469,32.18298,32.23782,32.15793
78.46295595,-0.404,-0.96,32.185,32.18604,32.19492,32.1597,32.21469,32.18289,32.23727,32.15848
78.54065609,-1.961,-0.738,32.19431,32.1839,32.19275,32.15875,32.21475,32.18335,32.23758,32.15829
78.61550307,-2.964,-0.977,32.20139,32.18378,32.1904,32.15845,32.21484,32.18338,32.23734,32.15875
78.689574,-4.325,-1.311,32.21536,32.18454,32.19034,32.15753,32.21417,32.18326,32.23752,32.15787
78.76432896,-5.102,-1.816,32.22513,32.18588,32.18942,32.15674,32.21426,32.18323,32.23788,32.15747
78.84165812,-6.055,-2.263,32.24039,32.18762,32.18704,32.15643,32.21402,32.18335,32.23746,32.15637
78.91709018,-6.521,-2.727,32.25128,32.19101,32.18695,32.15582,32.21289,32.18341,32.23727,32.15643
78.99636912,-6.928,-3.078,32.26666,32.19568,32.18692,32.15479,32.21222,32.18341,32.23807,32.15607
79.06768608,-7,-3.352,32.2782,32.19913,32.1857,32.15463,32.21213,32.18274,32.23837,32.15591
79.14338803,-6.805,-3.513,32.28934,32.20444,32.18747,32.15475,32.21094,32.18268,32.23755,32.15552
79.22000599,-6.475,-3.541,32.29651,32.20874,32.18741,32.15402,32.21164,32.18274,32.23788,32.15686
79.29527807,-5.704,-3.48,32.30518,32.21509,32.18771,32.15298,32.21158,32.18295,32.23785,32.15591
79.37545109,-5.029,-3.251,32.30997,32.21945,32.18854,32.15265,32.21146,32.18323,32.23825,32.15695
79.44562912,-3.794,-2.966,32.31235,32.22437,32.19128,32.15295,32.21158,32.18274,32.23743,32.15756
79.52124596,-2.852,-2.5,32.31238,32.22723,32.19174,32.15326,32.21155,32.18213,32.23734,32.1575
79.59825015,-1.345,-2.017,32.30991,32.23108,32.19287,32.15387,32.21161,32.18265,32.23734,32.15741
79.67337418,-0.281,-1.376,32.30643,32.23361,32.19437,32.15375,32.21198,32.18268,32.23709,32.15829
79.74825001,1.312,0.889,32.29782,32.23529,32.19653,32.15448,32.21179,32.18213,32.23737,32.15845
79.82263303,2.329,0.828,32.29114,32.23605,32.19778,32.15494,32.21188,32.18195,32.23712,32.15833
79.89763498,3.766,0.982,32.27872,32.23553,32.19943,32.15582,32.21185,32.1817,32.23682,32.15796
79.97386003,4.622,1.407,32.2699,32.23486,32.20013,32.15649,32.21158,32.1821,32.23718,32.15756
80.04969907,5.693,1.823,32.25607,32.23291,32.20193,32.15741,32.21149,32.18182,32.23721,32.15747
80.12624502,6.24,2.295,32.24576,32.23065,32.20248,32.15738,32.21164,32.18179,32.23682,32.15778
80.20201802,6.797,2.675,32.23047,32.22601,32.20279,32.15829,32.21146,32.18207,32.237,32.15659
80.27538109,6.972,2.999,32.22055,32.22244,32.2037,32.15924,32.21155,32.18192,32.23746,32.15701
80.35338807,6.93,3.215,32.20761,32.2179,32.20349,32.15891,32.21146,32.1817,32.23636,32.15567
80.42651701,6.704,3.308,32.19958,32.21381,32.20325,32.15967,32.21201,32.18069,32.23676,32.15662
80.50539112,6.073,3.305,32.18906,32.20764,32.20267,32.15964,32.21191,32.18262,32.23718,32.15659
80.58781695,5.471,3.139,32.18405,32.20398,32.20117,32.1604,32.21237,32.18219,32.23645,32.15604
80.653409,4.352,2.908,32.17816,32.19821,32.19897,32.16046,32.21283,32.18259,32.23743,32.15717
80.72870708,3.463,2.497,32.17679,32.19498,32.19992,32.15988,32.21335,32.18289,32.23666,32.15738
80.80441499,1.994,2.058,32.17725,32.19006,32.19708,32.15988,32.21396,32.1821,32.23657,32.15808
80.88123703,0.964,1.444,32.17929,32.18762,32.19626,32.15942,32.21387,32.18192,32.23682,32.15735
80.96439695,-0.632,-0.95,32.18616,32.18512,32.19333,32.15839,32.21411,32.18253,32.23669,32.15762
81.03021097,-1.69,-0.817,32.19193,32.18387,32.19257,32.15802,32.21423,32.18274,32.23697,32.15826
81.106745,-3.185,-0.94,32.20325,32.18332,32.1908,32.15747,32.21402,32.18234,32.23682,32.15799
81.184407,-4.085,-1.357,32.21188,32.18335,32.19046,32.15726,32.21359,32.1828,32.23691,32.15756
81.26025915,-5.268,-1.782,32.22739,32.18552,32.18826,32.15598,32.21341,32.1828,32.23703,32.15689
81.3355341,-5.91,-2.287,32.23807,32.18716,32.18732,32.15521,32.21286,32.1828,32.23682,32.15564
81.40982103,-6.606,-2.704,32.25436,32.19147,32.18668,32.15485,32.2121,32.18289,32.23727,32.15598
81.48423409,-6.878,-3.084,32.26376,32.19446,32.18604,32.1539,32.21182,32.18243,32.23746,32.15649
81.56203008,-6.994,-3.347,32.27908,32.20041,32.18613,32.15399,32.21179,32.18265,32.23788,32.155
81.63673902,-6.865,-3.504,32.28699,32.20358,32.18628,32.15335,32.21112,32.18237,32.23697,32.15454
81.71182203,-6.385,-3.558,32.29749,32.20959,32.18625,32.15262,32.21088,32.18277,32.23737,32.15576
81.78549194,-5.872,-3.461,32.30402,32.21396,32.18732,32.15244,32.21085,32.18237,32.23734,32.15521
81.86350703,-4.855,-3.287,32.31049,32.21912,32.18842,32.15237,32.21045,32.18283,32.23697,32.15561
81.93678498,-4.043,-2.94,32.31284,32.22308,32.19064,32.15176,32.21094,32.18237,32.23682,32.15631
82.01343298,-2.641,-2.556,32.31247,32.22772,32.19144,32.15268,32.21088,32.18176,32.23718,32.15717
82.08782411,-1.621,-1.989,32.31006,32.23026,32.19217,32.15289,32.21136,32.18231,32.23691,32.15738
82.16342211,-0.035,-1.445,32.3049,32.23322,32.19434,32.15335,32.21118,32.18161,32.23645,32.15793
82.24022102,1.016,0.938,32.29941,32.23462,32.19617,32.15402,32.21115,32.18182,32.23682,32.15814
82.31667209,2.56,0.761,32.28918,32.23553,32.19684,32.15442,32.21146,32.18176,32.23669,32.15741
82.38981795,3.524,1.019,32.28128,32.2355,32.19836,32.15482,32.21124,32.18176,32.23666,32.15738
82.46623516,4.804,1.359,32.26752,32.23434,32.20029,32.15598,32.21118,32.18115,32.23648,32.15756
82.54186606,5.514,1.844,32.25806,32.23288,32.2009,32.15579,32.21115,32.18164,32.23642,32.1568
82.6192441,6.348,2.263,32.24255,32.22931,32.20212,32.15704,32.21118,32.18161,32.23605,32.15695
82.70204496,6.724,2.683,32.2326,32.22653,32.20178,32.15741,32.21106,32.18219,32.23636,32.15607
82.77517104,6.99,2.992,32.21857,32.22168,32.20279,32.15823,32.21048,32.18161,32.23648,32.15659
82.84221101,6.966,3.209,32.20901,32.21814,32.20294,32.15845,32.21069,32.18167,32.2366,32.15555
82.91919112,6.629,3.319,32.19724,32.2121,32.20093,32.15906,32.21161,32.18094,32.23618,32.1553
82.99294496,6.209,3.288,32.18988,32.20831,32.202,32.15961,32.21164,32.18176,32.23605,32.15533
83.07304406,5.326,3.171,32.18234,32.20258,32.20041,32.15939,32.21198,32.18161,32.23688,32.15585
83.14879203,4.568,2.881,32.17819,32.19882,32.19971,32.15891,32.21237,32.18146,32.23666,32.15649
83.22553611,3.247,2.551,32.17447,32.1937,32.19806,32.15988,32.2131,32.18185,32.23636,32.15686
83.30427408,2.279,2.027,32.17523,32.19034,32.19714,32.15906,32.2132,32.18146,32.23605,32.15723
83.38101912,0.72,1.519,32.17902,32.18704,32.19507,32.15851,32.21326,32.18222,32.23657,32.15741
83.44679999,-0.352,-0.976,32.18329,32.1846,32.19357,32.15814,32.21356,32.18179,32.23639,32.15735
83.52331901,-1.927,-0.735,32.19223,32.18277,32.1925,32.15771,32.21347,32.18167,32.23581,32.15756
83.59797406,-2.916,-0.965,32.19986,32.18228,32.19058,32.15714,32.21353,32.18167,32.2363,32.15674
83.67546201,-4.283,-1.295,32.21347,32.18341,32.18845,32.15607,32.21326,32.18198,32.23618,32.15692
83.75085497,-5.078,-1.8,32.22305,32.18408,32.18753,32.1554,32.21259,32.1824,32.23642,32.15628
83.82474899,-6.038,-2.247,32.23892,32.18695,32.18655,32.15494,32.21231,32.18243,32.2363,32.15591
83.89937711,-6.502,-2.711,32.24884,32.18982,32.18613,32.15427,32.21133,32.18311,32.23666,32.15533
83.97684598,-6.92,-3.065,32.26505,32.19455,32.18546,32.15366,32.21094,32.1828,32.23654,32.15469
84.05568314,-7,-3.345,32.27545,32.19769,32.18518,32.15344,32.21097,32.18265,32.23712,32.15411
84.13755107,-6.817,-3.508,32.28781,32.2038,32.18567,32.15244,32.21017,32.18176,32.23679,32.15466
84.20306206,-6.494,-3.542,32.29575,32.20786,32.18567,32.15244,32.21051,32.18207,32.2363,32.15448
84.28000617,-5.734,-3.484,32.30334,32.21341,32.18686,32.15201,32.20999,32.18213,32.23636,32.15536
84.35350394,-5.066,-3.261,32.30759,32.21722,32.18793,32.15237,32.21033,32.18085,32.23593,32.15546
84.4307971,-3.839,-2.983,32.31131,32.22278,32.18909,32.15155,32.21011,32.1817,32.23657,32.1554
84.50643516,-2.9,-2.521,32.31201,32.22589,32.18954,32.1517,32.21027,32.18219,32.23584,32.15698
84.58257103,-1.38,-2.04,32.30832,32.22989,32.19199,32.15259,32.21088,32.18155,32.23611,32.15714
84.65547705,-0.334,-1.401,32.30576,32.23184,32.19385,32.15347,32.21072,32.18082,32.23581,32.1572
84.73348904,1.259,0.904,32.29703,32.23425,32.19519,32.15286,32.21063,32.18124,32.23639,32.1572
84.80954003,2.296,0.826,32.29031,32.23471,32.1965,32.15338,32.2106,32.18124,32.23584,32.15674
84.88561416,3.736,0.976,32.27838,32.23428,32.19836,32.15457,32.21011,32.18109,32.2363,32.15659
84.95799899,4.583,1.398,32.26837,32.23392,32.19974,32.15494,32.21042,32.18048,32.23621,32.15585
85.03521609,5.663,1.808,32.25327,32.23123,32.2005,32.15594,32.21051,32.18039,32.23648,32.15591
85.11039305,6.224,2.283,32.24591,32.22952,32.2009,32.15604,32.20999,32.18158,32.23618,32.15591
85.1874311,6.784,2.665,32.23044,32.22461,32.20276,32.15692,32.21048,32.18045,32.23621,32.15698
85.26542306,6.967,2.992,32.21957,32.22208,32.20267,32.15842,32.21002,32.18063,32.2363,32.15448
85.33547807,6.937,3.209,32.20749,32.21652,32.20212,32.15747,32.21021,32.18124,32.23523,32.15439
85.41234612,6.719,3.308,32.19806,32.21295,32.20123,32.15845,32.21094,32.18118,32.23584,32.15506
85.48831797,6.1,3.309,32.18765,32.20694,32.20175,32.1586,32.21048,32.18152,32.23578,32.15515
85.5730381,5.503,3.148,32.18274,32.20331,32.2001,32.15903,32.211,32.18118,32.23599,32.15591
85.64098096,4.38,2.921,32.17728,32.19754,32.19913,32.15921,32.21231,32.18146,32.23553,32.15616
85.71192503,3.51,2.513,32.17612,32.19394,32.19748,32.1586,32.21237,32.18094,32.2355,32.15582
85.79027414,2.045,2.079,32.17596,32.18954,32.19659,32.15836,32.21225,32.18149,32.23563,32.15607
85.86315608,0.998,1.469,32.17853,32.18704,32.19485,32.15768,32.21259,32.18069,32.23584,32.15674
85.94185805,-0.596,-0.969,32.18423,32.1832,32.19266,32.1579,32.2132,32.18127,32.23569,32.15683
86.01650095,-1.638,-0.817,32.19019,32.18274,32.19153,32.1571,32.21271,32.18146,32.23553,32.15674
86.09135413,-3.138,-0.928,32.20215,32.18228,32.18927,32.15598,32.21289,32.1813,32.23566,32.15695
86.1660161,-4.057,-1.339,32.21097,32.18234,32.18784,32.15573,32.21243,32.18152,32.23645,32.15588
86.24529815,-5.233,-1.766,32.22604,32.18427,32.18701,32.15564,32.21158,32.18146,32.23593,32.15482
86.32333708,-5.881,-2.27,32.23676,32.18567,32.18475,32.15436,32.21173,32.18182,32.23578,32.1557
86.39315009,-6.588,-2.687,32.25183,32.18961,32.18552,32.15433,32.21069,32.18146,32.23648,32.15448
86.46881604,-6.869,-3.071,32.26297,32.19281,32.18573,32.15234,32.21082,32.18127,32.23654,32.15314
86.54587102,-6.995,-3.339,32.27789,32.19766,32.18546,32.15314,32.21008,32.18097,32.23553,32.15439
86.62124705,-6.876,-3.501,32.28476,32.20242,32.18561,32.15189,32.20929,32.18195,32.23593,32.15347
86.69686103,-6.398,-3.557,32.29721,32.20786,32.18658,32.15146,32.20914,32.18185,32.23508,32.15335
86.77749109,-5.9,-3.465,32.30392,32.21185,32.18536,32.15216,32.20993,32.18094,32.23563,32.15424
86.84651303,-4.892,-3.299,32.30862,32.21793,32.18768,32.15112,32.20941,32.18079,32.23615,32.15469
86.92229414,-4.072,-2.951,32.31107,32.22183,32.18839,32.15109,32.20953,32.18076,32.2356,32.15527
86.99962211,-2.674,-2.567,32.31113,32.22659,32.19086,32.15152,32.20966,32.18057,32.23563,32.15543
87.07350111,-1.672,-2.005,32.30917,32.229,32.19116,32.15186,32.21002,32.18066,32.23544,32.15576
87.14854217,-0.088,-1.461,32.30417,32.23233,32.19318,32.15225,32.20984,32.18057,32.23532,32.15634
87.22355199,0.982,0.949,32.29874,32.23303,32.19418,32.15244,32.21042,32.18033,32.23575,32.15613
87.30569816,2.51,0.759,32.28833,32.23428,32.19638,32.1535,32.21033,32.18054,32.23578,32.15674
87.37807608,3.479,1.009,32.28049,32.23453,32.19785,32.15369,32.20966,32.18045,32.23553,32.15628
87.45822906,4.765,1.343,32.26709,32.23334,32.19919,32.15433,32.20999,32.18057,32.2352,32.15637
87.52513504,5.482,1.826,32.25739,32.2316,32.19986,32.155,32.20969,32.18048,32.23575,32.1554
87.60226917,6.325,2.249,32.24194,32.22839,32.20087,32.15598,32.20993,32.17993,32.23523,32.15536
87.67835307,6.709,2.669,32.23245,32.22568,32.20175,32.15665,32.20938,32.18018,32.23557,32.15466
87.75453496,6.986,2.981,32.21826,32.22089,32.20139,32.15695,32.20981,32.1806,32.2356,32.15393
87.83522201,6.971,3.202,32.20914,32.21756,32.20139,32.15723,32.21002,32.18039,32.23523,32.15411
87.90388298,6.646,3.318,32.19583,32.21088,32.20114,32.15771,32.2103,32.18069,32.2352,32.15424
87.97831917,6.233,3.295,32.18961,32.20776,32.20105,32.15787,32.21085,32.18042,32.2355,32.15454
88.05686307,5.348,3.178,32.18167,32.2016,32.19897,32.15875,32.21085,32.18018,32.23499,32.15552
88.12938213,4.609,2.892,32.17743,32.19806,32.19861,32.15833,32.21158,32.18027,32.23538,32.15475
88.206285,3.294,2.565,32.17432,32.19281,32.19717,32.15811,32.21146,32.18082,32.2352,32.15567
88.28164411,2.312,2.043,32.17508,32.18982,32.19577,32.15793,32.21222,32.18051,32.23508,32.15616
88.356915,0.772,1.527,32.17828,32.186,32.19345,32.15787,32.21243,32.18082,32.2348,32.15555
88.43300414,-0.299,-0.978,32.18265,32.18402,32.19278,32.1571,32.21283,32.18018,32.23453,32.15619
88.51108217,-1.876,-0.727,32.19168,32.18207,32.19113,32.15591,32.21259,32.18079,32.23499,32.15628
88.58320713,-2.868,-0.949,32.19891,32.18176,32.18948,32.15576,32.21222,32.18146,32.23505,32.15567
88.65953612,-4.241,-1.276,32.21176,32.18259,32.18787,32.15521,32.21213,32.18082,32.23477,32.15567
88.73460913,-5.041,-1.78,32.22266,32.18332,32.18588,32.15491,32.21146,32.18036,32.23456,32.15491
88.81170106,-6.011,-2.229,32.23825,32.18585,32.18628,32.15338,32.21085,32.1813,32.23563,32.15494
88.8929491,-6.481,-2.696,32.24844,32.18826,32.18433,32.15305,32.21072,32.1813,32.23529,32.15363
88.96071315,-6.912,-3.052,32.26331,32.19318,32.18338,32.15317,32.20996,32.18076,32.2352,32.15414
89.0354681,-7,-3.333,32.27249,32.1965,32.18469,32.15274,32.2099,32.18146,32.23499,32.15326
89.11189914,-6.826,-3.504,32.28629,32.20215,32.18515,32.15131,32.20898,32.18106,32.23511,32.1539
89.18881297,-6.515,-3.542,32.29321,32.20673,32.18546,32.15128,32.20874,32.18039,32.23639,32.15244
89.26663899,-5.764,-3.49,32.3028,32.21234,32.1857,32.15079,32.20905,32.18054,32.23517,32.15405
89.33777213,-5.09,-3.271,32.30695,32.21643,32.18668,32.15048,32.20932,32.18069,32.23538,32.15433
89.41461802,-3.883,-2.993,32.3096,32.22141,32.18811,32.15085,32.20972,32.18048,32.23538,32.15399
89.49157,-2.948,-2.534,32.31012,32.22537,32.189,32.15131,32.20981,32.18021,32.23471,32.15402
89.56860495,-1.432,-2.066,32.30807,32.22919,32.19073,32.15082,32.20914,32.18002,32.23483,32.1553
89.64090705,-0.386,-1.424,32.30402,32.23141,32.19202,32.15155,32.2095,32.17981,32.2352,32.15689
89.71690702,1.207,0.923,32.29718,32.23282,32.19357,32.15237,32.20999,32.17987,32.2348,32.15634
89.79067302,2.246,0.828,32.28992,32.23352,32.19537,32.15268,32.20972,32.1799,32.23459,32.15579
89.86741304,3.69,0.967,32.27841,32.23389,32.19806,32.15277,32.20938,32.18002,32.23495,32.15646
89.94343805,4.542,1.379,32.26965,32.23352,32.19775,32.15396,32.20917,32.18002,32.23511,32.15524
90.02014017,5.632,1.789,32.25467,32.23096,32.19989,32.1546,32.20895,32.17975,32.23492,32.15439
90.09302402,6.2,2.266,32.24426,32.22855,32.2001,32.15515,32.20895,32.17935,32.23495,32.15485
90.17758608,6.775,2.651,32.22958,32.22455,32.20111,32.15598,32.20929,32.17966,32.23505,32.15387
90.24359202,6.962,2.982,32.21982,32.22223,32.1998,32.15704,32.2095,32.1799,32.23471,32.15381
90.32109118,6.944,3.202,32.20642,32.21594,32.20108,32.15802,32.2099,32.18018,32.23453,32.15402
90.39684105,6.728,3.305,32.19785,32.21237,32.20068,32.1571,32.20966,32.17953,32.23441,32.15414
90.47355413,6.125,3.311,32.18881,32.20636,32.19852,32.15811,32.21011,32.18033,32.23401,32.15564
90.54770899,5.536,3.159,32.18243,32.20227,32.19989,32.15717,32.21042,32.18039,32.23532,32.15356
90.62293816,4.421,2.934,32.17688,32.19666,32.19861,32.15787,32.21072,32.17996,32.23471,32.15451
90.69693112,3.556,2.53,32.17441,32.19321,32.19699,32.15778,32.21121,32.17975,32.23483,32.15546
90.77588797,2.095,2.103,32.17596,32.18842,32.19446,32.15747,32.21161,32.18048,32.2348,32.15567
90.85102701,1.051,1.493,32.17789,32.1861,32.19308,32.15701,32.21191,32.18063,32.2341,32.15527
90.930161,-0.545,-0.99,32.18329,32.18372,32.19131,32.15656,32.21198,32.18048,32.2348,32.15613
90.99942803,-1.586,-0.82,32.18912,32.18179,32.19077,32.15567,32.21185,32.18045,32.23434,32.15622
91.07658005,-3.091,-0.919,32.20093,32.18124,32.18881,32.15533,32.21167,32.18063,32.23413,32.15546
91.14932418,-4.014,-1.323,32.20944,32.18176,32.18781,32.15488,32.21124,32.17975,32.23422,32.15491
91.22864103,-5.197,-1.748,32.22491,32.18414,32.18604,32.15402,32.21112,32.18018,32.23492,32.1543
91.30814195,-5.852,-2.252,32.23422,32.18579,32.18591,32.15347,32.21078,32.18033,32.23517,32.15396
91.3778801,-6.57,-2.673,32.2507,32.18878,32.18362,32.15289,32.21017,32.18039,32.23419,32.15463
91.45280814,-6.858,-3.057,32.26129,32.19205,32.1843,32.15244,32.20935,32.1806,32.23489,32.15314
91.53050995,-6.997,-3.331,32.27591,32.19739,32.18378,32.15182,32.20935,32.18033,32.23523,32.15149
91.60566306,-6.886,-3.497,32.2843,32.20154,32.18314,32.15082,32.20895,32.18021,32.23465,32.15372
91.68058705,-6.42,-3.557,32.29565,32.20761,32.18399,32.15094,32.20847,32.18033,32.23465,32.15341
91.7540741,-5.928,-3.472,32.3013,32.21155,32.18561,32.15057,32.20856,32.18048,32.23471,32.15335
91.83220196,-4.931,-3.306,32.30734,32.21783,32.18689,32.15094,32.20898,32.18066,32.23431,32.15323
91.90855408,-4.114,-2.963,32.30975,32.22098,32.18686,32.15048,32.20874,32.17996,32.23444,32.15411
91.99151611,-2.723,-2.585,32.30972,32.22546,32.18927,32.15088,32.20886,32.17987,32.23471,32.15567
92.05544901,-1.723,-2.028,32.30936,32.22821,32.19019,32.15073,32.20877,32.17953,32.23441,32.15497
92.13220215,-0.14,-1.488,32.30392,32.23148,32.19278,32.15137,32.20892,32.17947,32.23444,32.15515
92.20743418,0.929,0.959,32.29886,32.23303,32.19348,32.15161,32.20926,32.17947,32.23434,32.1561
92.28565097,2.461,0.756,32.28879,32.23401,32.19507,32.15207,32.20883,32.17908,32.2345,32.15576
92.36196017,3.433,0.995,32.2804,32.23376,32.19626,32.15271,32.20862,32.17917,32.23444,32.1557
92.43561697,4.727,1.325,32.26718,32.23254,32.19785,32.15347,32.20905,32.17926,32.23428,32.15466
92.51054406,5.449,1.809,32.25809,32.23065,32.19824,32.15402,32.20853,32.1792,32.23422,32.15393
92.58661699,6.302,2.231,32.24274,32.22791,32.20004,32.15469,32.20847,32.17941,32.23471,32.15411
92.66296601,6.694,2.655,32.23212,32.22513,32.19958,32.15567,32.20877,32.17923,32.23431,32.15439
92.74385214,6.983,2.968,32.21729,32.22086,32.20108,32.15671,32.20914,32.1796,32.2345,32.15424
92.81753516,6.976,3.195,32.20837,32.21695,32.20078,32.15674,32.20837,32.17999,32.23404,32.15375
92.89044213,6.662,3.315,32.19724,32.21176,32.19934,32.15723,32.20944,32.18018,32.23404,32.15521
92.9645741,6.257,3.293,32.18915,32.20709,32.19968,32.15698,32.20963,32.17923,32.2338,32.15317
93.03975916,5.382,3.185,32.17996,32.20169,32.19724,32.15701,32.20929,32.17914,32.23386,32.15329
93.11361313,4.649,2.904,32.17712,32.19797,32.19821,32.15714,32.2099,32.17972,32.23373,32.15482
93.19009805,3.341,2.584,32.17474,32.19199,32.19604,32.15695,32.21072,32.17947,32.23404,32.15451
93.26696396,2.363,2.063,32.1745,32.1889,32.19516,32.1571,32.21094,32.18002,32.2338,32.15439
93.34360218,0.824,1.555,32.17715,32.18539,32.19333,32.15704,32.21103,32.1792,32.23395,32.15524
93.42493296,-0.246,-0.993,32.18112,32.18307,32.19254,32.15646,32.21136,32.17929,32.23404,32.15503
93.49797702,-1.825,-0.724,32.18991,32.18109,32.18985,32.15561,32.21115,32.17969,32.23395,32.15509
93.56691813,-2.82,-0.938,32.19708,32.18103,32.18875,32.1553,32.21146,32.17972,32.23352,32.15482
93.64460802,-4.199,-1.26,32.21021,32.1817,32.18674,32.15405,32.21109,32.17947,32.23434,32.15475
93.72267914,-5.005,-1.761,32.22122,32.18295,32.18582,32.15387,32.21033,32.18042,32.23407,32.15421
93.79597211,-5.984,-2.211,32.23602,32.18579,32.18436,32.15317,32.20987,32.17966,32.23483,32.15253
93.86852908,-6.462,-2.68,32.2467,32.1882,32.18466,32.15216,32.20972,32.17987,32.23389,32.15216
93.94573617,-6.904,-3.039,32.26312,32.19196,32.18497,32.15051,32.20929,32.17972,32.23517,32.15268
94.021734,-6.998,-3.327,32.27252,32.19672,32.18271,32.15097,32.20877,32.18039,32.23477,32.15216
94.09796214,-6.84,-3.499,32.28503,32.2016,32.18399,32.15009,32.20865,32.17932,32.23477,32.15189
94.17362404,-6.534,-3.543,32.2926,32.20532,32.18423,32.15021,32.20798,32.17941,32.23434,32.15158
94.25336218,-5.794,-3.498,32.3024,32.21161,32.18564,32.14941,32.20825,32.1799,32.23407,32.15295
94.32204914,-5.138,-3.286,32.3063,32.21576,32.1861,32.14978,32.20862,32.17975,32.2338,32.15408
94.40022111,-3.926,-3.009,32.31082,32.22012,32.18829,32.14935,32.20831,32.18002,32.23428,32.15466
94.47490096,-2.995,-2.556,32.30988,32.22385,32.18842,32.15012,32.20847,32.17941,32.23413,32.15451
94.54968905,-1.483,-2.083,32.30786,32.22784,32.19003,32.1499,32.20862,32.17883,32.23358,32.15427
94.62365603,-0.439,-1.448,32.30417,32.23056,32.1904,32.15103,32.20883,32.17874,32.23346,32.15512
94.70192695,1.156,0.943,32.29547,32.2327,32.19354,32.15079,32.20865,32.17807,32.23404,32.15567
94.77649307,2.196,0.827,32.29019,32.23322,32.19522,32.1514,32.20853,32.17844,32.23395,32.15463
94.85247207,3.646,0.953,32.27786,32.23291,32.19559,32.15234,32.2085,32.17908,32.23367,32.155
94.92985511,4.502,1.363,32.26913,32.23212,32.19757,32.15308,32.20856,32.17874,32.23361,32.1535
95.00212216,5.6,1.772,32.25482,32.22934,32.19919,32.15332,32.20819,32.17926,32.23352,32.15402
95.07797599,6.175,2.247,32.24509,32.22803,32.19916,32.15405,32.20813,32.17847,32.2338,32.15451
95.15762401,6.757,2.635,32.2294,32.22409,32.20056,32.155,32.20828,32.17957,32.23328,32.15314
95.23852015,6.956,2.971,32.22018,32.2207,32.20041,32.15564,32.2084,32.17862,32.2338,32.1532
95.30549812,6.95,3.195,32.2067,32.21545,32.20062,32.15558,32.20865,32.1792,32.23358,32.15359
95.37895298,6.748,3.304,32.19824,32.21146,32.20071,32.15649,32.2085,32.17871,32.23373,32.1532
95.45700097,6.15,3.313,32.18781,32.20544,32.20047,32.15601,32.20935,32.17899,32.23349,32.15378
95.53238797,5.568,3.163,32.18201,32.20169,32.19876,32.1568,32.20959,32.17899,32.23328,32.15366
95.61056113,4.462,2.945,32.17566,32.19611,32.19754,32.15729,32.20969,32.1781,32.23404,32.15189
95.68125415,3.6,2.548,32.17438,32.1926,32.19592,32.15668,32.2103,32.17889,32.23322,32.15381
95.75770998,2.146,2.12,32.1741,32.18796,32.19485,32.15634,32.21085,32.17822,32.23306,32.15494
95.83376503,1.103,1.513,32.177,32.18515,32.19342,32.15598,32.21069,32.17902,32.23346,32.15402
95.90940309,-0.474,-1.008,32.18283,32.18271,32.19125,32.15448,32.21152,32.17938,32.23312,32.15543
95.98532796,-1.535,-0.815,32.18903,32.18109,32.19019,32.15491,32.21094,32.17929,32.2334,32.15402
96.05898595,-3.043,-0.904,32.19971,32.18088,32.18851,32.15433,32.21091,32.1788,32.23352,32.15424
96.13560414,-3.955,-1.306,32.20862,32.18115,32.1871,32.15405,32.21042,32.17902,32.23355,32.15393
96.21135998,-5.162,-1.723,32.22357,32.18243,32.1853,32.15298,32.21054,32.17935,32.23312,32.15335
96.28811717,-5.824,-2.232,32.23441,32.1843,32.1846,32.15253,32.20981,32.17972,32.23352,32.15311
96.36243415,-6.552,-2.655,32.24969,32.18878,32.18372,32.1521,32.20905,32.17972,32.23343,32.15298
96.43703914,-6.847,-3.044,32.26062,32.1925,32.18311,32.15179,32.2084,32.17902,32.23352,32.15222
96.51272511,-6.998,-3.319,32.27472,32.19641,32.18329,32.15067,32.2081,32.17929,32.23358,32.1517
96.59002018,-6.894,-3.492,32.28357,32.20004,32.18372,32.15097,32.20795,32.17896,32.23352,32.15115
96.67301512,-6.442,-3.557,32.29526,32.20663,32.18433,32.14984,32.20776,32.17947,32.23401,32.15207
96.73797202,-5.957,-3.475,32.30212,32.2095,32.18494,32.14954,32.20706,32.17953,32.23398,32.15216
96.81615615,-4.968,-3.316,32.30646,32.21655,32.18613,32.14984,32.20761,32.17902,32.23364,32.15256
96.89240813,-4.157,-2.979,32.3096,32.21994,32.18683,32.14948,32.20786,32.17889,32.23331,32.15268
96.96789098,-2.788,-2.606,32.31,32.22464,32.18906,32.14935,32.20746,32.1796,32.23306,32.15344
97.052948,-1.775,-2.048,32.30911,32.22769,32.18954,32.14893,32.20813,32.17935,32.23312,32.15384
97.11802506,-0.193,-1.511,32.30408,32.23016,32.19183,32.15085,32.20782,32.17874,32.23331,32.15454
97.1917851,0.859,0.972,32.2977,32.23224,32.19229,32.15085,32.20822,32.17853,32.23352,32.15436
97.26895905,2.412,0.748,32.28818,32.23312,32.19415,32.15118,32.20831,32.17859,32.23349,32.15433
97.34466314,3.388,0.981,32.28043,32.23328,32.19461,32.15189,32.20792,32.17844,32.23358,32.15341
97.42471194,4.687,1.307,32.26642,32.23209,32.19748,32.15262,32.20767,32.17865,32.23306,32.15356
97.4947741,5.416,1.791,32.25687,32.23044,32.19821,32.1532,32.20776,32.17838,32.23331,32.15347
97.57165599,6.28,2.212,32.24176,32.22696,32.19916,32.15384,32.20831,32.17828,32.23328,32.15308
97.64701295,6.678,2.641,32.23141,32.22455,32.19901,32.15448,32.20807,32.1785,32.23282,32.15179
97.7236681,6.978,2.958,32.21756,32.21982,32.20065,32.15485,32.20761,32.17831,32.23404,32.15207
97.79911208,6.979,3.189,32.20847,32.21649,32.19998,32.15503,32.20746,32.17902,32.2338,32.15298
97.87299109,6.678,3.313,32.19513,32.21075,32.19919,32.15671,32.20825,32.17844,32.23306,32.15201
97.94777799,6.288,3.298,32.18793,32.20679,32.19891,32.15591,32.20889,32.17737,32.23337,32.15283
98.02371311,5.426,3.194,32.18091,32.20102,32.19815,32.1564,32.20898,32.17868,32.23297,32.15295
98.10028911,4.687,2.919,32.17633,32.19675,32.1972,32.15686,32.20993,32.17838,32.23306,32.15353
98.17477703,3.388,2.593,32.17392,32.19147,32.19562,32.15659,32.20993,32.17801,32.2326,32.15292
98.24956107,2.429,2.082,32.17313,32.18802,32.19424,32.15616,32.21002,32.17841,32.23291,32.15366
98.32617116,0.877,1.575,32.17679,32.18515,32.19281,32.15591,32.21054,32.17877,32.23331,32.15411
98.40202403,-0.193,-1.002,32.18066,32.18274,32.1907,32.15506,32.21051,32.17941,32.23273,32.15396
98.48464608,-1.775,-0.721,32.18924,32.18048,32.18896,32.15475,32.2103,32.17856,32.23306,32.15427
98.55211711,-2.771,-0.925,32.19623,32.18018,32.18854,32.15402,32.21048,32.17886,32.23297,32.15381
98.62706709,-4.157,-1.237,32.20944,32.1803,32.18594,32.15344,32.20987,32.17902,32.23325,32.15369
98.70187116,-4.968,-1.742,32.21976,32.18207,32.18552,32.15332,32.21002,32.1796,32.23328,32.15329
98.7780261,-5.947,-2.188,32.23547,32.18469,32.18445,32.15228,32.20929,32.17883,32.23346,32.15274
98.85192704,-6.442,-2.66,32.24637,32.18689,32.18433,32.15179,32.20889,32.17902,32.2334,32.15219
98.92863703,-6.894,-3.023,32.26141,32.19147,32.18286,32.15146,32.20804,32.17853,32.23343,32.15198
99.00343299,-6.997,-3.315,32.2713,32.19452,32.18265,32.15063,32.20789,32.17899,32.23318,32.15146
99.07944918,-6.851,-3.493,32.28433,32.20065,32.18393,32.14987,32.20703,32.17947,32.23322,32.15161
99.15523696,-6.552,-3.543,32.29218,32.20523,32.1825,32.14932,32.20728,32.17914,32.23306,32.1517
99.231493,-5.824,-3.5,32.29965,32.21091,32.18396,32.14899,32.20724,32.17856,32.23312,32.15146
99.30558109,-5.174,-3.293,32.30505,32.21469,32.18506,32.14868,32.207,32.17868,32.23309,32.15228
99.38233018,-3.971,-3.026,32.30939,32.22049,32.18594,32.1496,32.20758,32.17627,32.23373,32.15247
99.45708108,-3.043,-2.577,32.30981,32.22372,32.1861,32.1488,32.20773,32.17789,32.23318,32.15298
99.53330398,-1.552,-2.109,32.30786,32.22717,32.18893,32.15018,32.20761,32.1778,32.23291,32.15338
99.60860205,-0.492,-1.473,32.30292,32.22952,32.19073,32.14984,32.20761,32.17874,32.23257,32.15381
99.6919651,1.103,0.963,32.2959,32.23141,32.19321,32.15097,32.2077,32.17676,32.23315,32.15579
99.76005697,2.129,0.828,32.29053,32.23236,32.1944,32.1503,32.2077,32.17783,32.23291,32.15393
99.83699799,3.586,0.941,32.27789,32.23212,32.19626,32.15103,32.20786,32.17789,32.23267,32.15411
99.91307998,4.462,1.344,32.26868,32.23154,32.19635,32.15176,32.20724,32.17816,32.2326,32.15317
99.98854709,5.568,1.753,32.25421,32.22949,32.19785,32.15268,32.20761,32.1778,32.23306,32.15302
100.0647101,6.142,2.229,32.24564,32.22678,32.19824,32.1532,32.20703,32.17807,32.23291,32.15216
100.138329,6.743,2.618,32.2301,32.22318,32.19919,32.15387,32.20734,32.17761,32.23389,32.1525
100.2137051,6.95,2.958,32.21997,32.22028,32.19797,32.15515,32.20773,32.17709,32.23343,32.15097
100.289571,6.956,3.187,32.20563,32.21494,32.19949,32.15546,32.20789,32.17773,32.23254,32.15158
100.364773,6.762,3.301,32.19852,32.2106,32.19876,32.15598,32.20798,32.17889,32.23239,32.15091
100.441992,6.175,3.316,32.18732,32.20523,32.19867,32.15564,32.20782,32.17816,32.23264,32.15192
100.5137141,5.6,3.17,32.18149,32.20135,32.19827,32.15558,32.20825,32.17709,32.2326,32.1517
100.5928841,4.516,2.957,32.1756,32.19632,32.1965,32.15579,32.2088,32.17822,32.23251,32.15216
100.6684551,3.646,2.563,32.17358,32.19199,32.19534,32.15631,32.20935,32.1778,32.23236,32.15228
100.749079,2.196,2.138,32.17392,32.18799,32.19345,32.15582,32.20969,32.17798,32.23294,32.1539
100.8165691,1.172,1.542,32.1759,32.18503,32.19278,32.15515,32.20966,32.17853,32.23276,32.1532
100.893239,-0.421,-1.032,32.18149,32.18164,32.19061,32.155,32.21017,32.17828,32.2323,32.15369
100.9683211,-1.483,-0.819,32.18732,32.18036,32.18933,32.15469,32.21002,32.17801,32.23254,32.15366
101.0435162,-2.995,-0.895,32.19913,32.18008,32.18729,32.15372,32.20999,32.17874,32.2323,32.15323
101.1226511,-3.912,-1.289,32.20786,32.18018,32.18631,32.1535,32.20959,32.1788,32.23282,32.15326
101.1959491,-5.126,-1.708,32.2211,32.18182,32.18484,32.1528,32.2092,32.17877,32.23291,32.15216
101.269671,-5.794,-2.213,32.23178,32.18387,32.18469,32.15182,32.20889,32.17841,32.23276,32.15176
101.3470762,-6.534,-2.638,32.24835,32.18802,32.18243,32.15088,32.20813,32.17966,32.23312,32.15176
101.421783,-6.836,-3.031,32.25937,32.19003,32.18295,32.15027,32.20776,32.17889,32.23294,32.15048
101.499795,-6.998,-3.312,32.27362,32.19583,32.1832,32.14966,32.20697,32.17783,32.23343,32.15005
101.5723031,-6.906,-3.487,32.28241,32.19937,32.18204,32.15024,32.20712,32.17786,32.23257,32.15128
101.648329,-6.468,-3.558,32.2934,32.20462,32.18304,32.14972,32.20712,32.17798,32.23282,32.15103
101.7247291,-5.984,-3.481,32.29984,32.20908,32.18314,32.1488,32.20724,32.17834,32.23242,32.15063
101.798763,-5.005,-3.326,32.30606,32.2153,32.18588,32.14883,32.20605,32.17786,32.23215,32.15137
101.8760271,-4.213,-2.995,32.30814,32.21899,32.18591,32.1489,32.2067,32.1778,32.23282,32.15244
101.950958,-2.836,-2.625,32.30878,32.22372,32.1879,32.14856,32.20691,32.17822,32.23254,32.15253
102.02473,-1.825,-2.077,32.3074,32.22607,32.18808,32.14877,32.20758,32.17822,32.23279,32.15259
102.102489,-0.246,-1.535,32.30286,32.22958,32.19025,32.14963,32.20697,32.1777,32.23273,32.15381
102.177814,0.806,0.984,32.29782,32.23148,32.19189,32.15005,32.20709,32.17786,32.23248,32.15414
102.25617,2.363,0.744,32.28745,32.23206,32.1944,32.15063,32.20734,32.17776,32.23196,32.1535
102.327096,3.341,0.967,32.27975,32.23215,32.1947,32.15121,32.20746,32.17743,32.23236,32.15341
102.406173,4.636,1.285,32.26657,32.23148,32.19611,32.15161,32.20712,32.17758,32.23254,32.15332
102.4779952,5.382,1.768,32.25717,32.2305,32.19662,32.15173,32.20688,32.17746,32.23227,32.15268
102.5556021,6.257,2.193,32.24164,32.22675,32.19769,32.15408,32.20712,32.17761,32.23148,32.15201
102.6284761,6.656,2.622,32.2323,32.22446,32.19913,32.15396,32.20654,32.17731,32.23285,32.1521
102.7050321,6.974,2.943,32.21875,32.21823,32.20099,32.15408,32.2074,32.17728,32.23257,32.15179
102.78104,6.983,3.179,32.20929,32.21576,32.19827,32.15546,32.20688,32.17825,32.23276,32.14975
102.8583519,6.694,3.309,32.19504,32.20975,32.19858,32.15494,32.2074,32.17688,32.23242,32.15158
102.9330962,6.311,3.298,32.18896,32.20554,32.19891,32.15591,32.20828,32.17636,32.23276,32.15186
103.0075641,5.46,3.2,32.18002,32.20087,32.19724,32.15469,32.20883,32.17694,32.23267,32.15027
103.081887,4.727,2.932,32.17545,32.19562,32.19626,32.15536,32.2084,32.17746,32.23239,32.1517
103.1596251,3.433,2.612,32.1734,32.1915,32.1944,32.15561,32.20868,32.17703,32.23276,32.15341
103.2337341,2.478,2.107,32.17288,32.18777,32.19403,32.15576,32.20908,32.17773,32.23224,32.15292
103.315366,0.929,1.6,32.17596,32.18387,32.19138,32.15546,32.2095,32.17773,32.23178,32.1528
103.383743,-0.14,-1.021,32.1796,32.1814,32.19009,32.15506,32.2099,32.1778,32.23193,32.1532
103.4607542,-1.706,-0.717,32.18817,32.18002,32.18869,32.15451,32.20959,32.17755,32.23267,32.15366
103.538094,-2.723,-0.91,32.19543,32.17969,32.18753,32.15332,32.20938,32.17783,32.2323,32.15335
103.6128531,-4.114,-1.221,32.20828,32.17969,32.18637,32.15289,32.20944,32.17776,32.23236,32.15207
103.690063,-4.918,-1.721,32.21786,32.18143,32.18399,32.15253,32.20874,32.17773,32.23251,32.15161
103.7622712,-5.92,-2.165,32.23477,32.1839,32.18259,32.15131,32.20844,32.17731,32.23242,32.15131
103.8375962,-6.42,-2.643,32.24438,32.18622,32.18207,32.15106,32.2081,32.17853,32.23251,32.15137
103.914742,-6.886,-3.009,32.2597,32.19009,32.18253,32.14996,32.20761,32.17838,32.23245,32.15097
103.990056,-6.996,-3.307,32.26889,32.19446,32.18228,32.15015,32.20715,32.17816,32.23257,32.15002
104.0647511,-6.862,-3.489,32.28436,32.19965,32.1813,32.14948,32.20663,32.17914,32.23224,32.15073
104.138643,-6.57,-3.542,32.29062,32.20395,32.18372,32.1478,32.2066,32.17853,32.23282,32.15109
104.217099,-5.852,-3.504,32.30017,32.20993,32.18216,32.14865,32.20621,32.17764,32.23233,32.15002
104.291492,-5.209,-3.302,32.30399,32.21365,32.18454,32.14813,32.20673,32.17719,32.23221,32.15051
104.3731751,-4.014,-3.039,32.30759,32.21899,32.18524,32.14838,32.20636,32.17786,32.23233,32.15112
104.440181,-3.091,-2.595,32.30838,32.22214,32.18655,32.1489,32.20648,32.17825,32.23169,32.15289
104.5174072,-1.603,-2.131,32.30612,32.22635,32.18842,32.1488,32.20676,32.17694,32.2323,32.15298
104.5925,-0.545,-1.5,32.30304,32.22855,32.19003,32.14905,32.20673,32.17709,32.23224,32.15302
104.6707501,1.051,0.985,32.29617,32.23013,32.19189,32.14917,32.207,32.17731,32.23148,32.15234
104.7486351,2.078,0.829,32.28885,32.23151,32.1929,32.14996,32.20706,32.17715,32.23199,32.15305
104.8190582,3.54,0.929,32.27747,32.23175,32.1947,32.15048,32.20654,32.17712,32.23187,32.15305
104.8940032,4.421,1.328,32.26886,32.23126,32.19568,32.15082,32.20679,32.17728,32.23218,32.15308
104.9713402,5.536,1.736,32.25397,32.22849,32.19708,32.15216,32.20682,32.17703,32.23193,32.1524
105.047498,6.116,2.212,32.24466,32.22675,32.19736,32.15234,32.20645,32.17648,32.23169,32.15152
105.128057,6.728,2.602,32.22867,32.22284,32.19833,32.15356,32.20663,32.17746,32.23212,32.15094
105.1963871,6.944,2.945,32.21924,32.2189,32.19809,32.15353,32.20645,32.17694,32.23245,32.1514
105.273248,6.964,3.179,32.20566,32.21454,32.19821,32.15469,32.20654,32.17679,32.23157,32.15079
105.347738,6.775,3.299,32.19629,32.21039,32.19958,32.15421,32.20749,32.17673,32.23203,32.15152
105.4258502,6.2,3.318,32.18671,32.20532,32.19705,32.15527,32.20676,32.17789,32.23181,32.15128
105.5007691,5.641,3.178,32.18127,32.20096,32.19678,32.15503,32.20776,32.1774,32.23181,32.15192
105.5747671,4.555,2.971,32.17514,32.19485,32.19647,32.15561,32.20786,32.17731,32.23184,32.15152
105.650569,3.69,2.582,32.17288,32.19159,32.19492,32.15485,32.20837,32.177,32.23178,32.15216
105.727155,2.246,2.16,32.17273,32.18774,32.19199,32.15457,32.20901,32.17709,32.23209,32.15131
105.8008862,1.224,1.57,32.17474,32.18433,32.19141,32.15414,32.20923,32.17706,32.2316,32.15219
105.8790991,-0.368,-1.056,32.18082,32.18106,32.19031,32.1539,32.20935,32.17725,32.23157,32.15289
105.952538,-1.432,-0.824,32.18573,32.17996,32.18893,32.15369,32.2092,32.17737,32.23178,32.15305
106.0286682,-2.948,-0.887,32.19754,32.17908,32.18622,32.15286,32.20935,32.17792,32.23148,32.15256
106.104609,-3.869,-1.275,32.20654,32.17908,32.18536,32.15274,32.20883,32.17792,32.23141,32.15204
106.1796792,-5.09,-1.684,32.22098,32.18118,32.18411,32.15176,32.20862,32.17786,32.23212,32.15146
106.2647471,-5.764,-2.195,32.23184,32.18265,32.18347,32.1514,32.20801,32.17743,32.23172,32.15146
106.33042,-6.508,-2.619,32.24738,32.18613,32.18231,32.15012,32.20703,32.1781,32.23187,32.15042
106.4066141,-6.826,-3.015,32.2569,32.18988,32.18201,32.14948,32.20703,32.17761,32.23138,32.14987
106.4826231,-7,-3.301,32.27151,32.1951,32.18066,32.14871,32.20709,32.17731,32.23239,32.1496
106.5677261,-6.914,-3.482,32.2822,32.19809,32.18149,32.14862,32.20642,32.17731,32.2316,32.15033
106.6334221,-6.488,-3.557,32.29248,32.20493,32.18207,32.1485,32.2056,32.17645,32.2323,32.14935
106.7057161,-6.011,-3.487,32.29852,32.20874,32.18378,32.14771,32.20657,32.17621,32.23245,32.15015
106.784971,-5.041,-3.337,32.30453,32.21436,32.18481,32.14758,32.20593,32.17752,32.23215,32.15039
106.8600111,-4.255,-3.01,32.30801,32.2179,32.18417,32.14728,32.20648,32.17642,32.23193,32.15201
106.9435241,-2.884,-2.649,32.30878,32.22302,32.18686,32.1478,32.20609,32.17731,32.23126,32.15161
107.007885,-1.876,-2.101,32.30673,32.22513,32.18823,32.14832,32.20615,32.17776,32.23199,32.15216
107.086174,-0.316,-1.567,32.3028,32.22879,32.1897,32.14859,32.20648,32.17694,32.23175,32.15228
107.161747,0.755,1,32.29715,32.23013,32.19107,32.14896,32.20663,32.17664,32.23172,32.15311
107.238533,2.312,0.745,32.28732,32.23166,32.19287,32.14954,32.20639,32.17627,32.23163,32.15308
107.3167012,3.278,0.956,32.27936,32.23157,32.19397,32.15012,32.20621,32.17657,32.23163,32.15289
107.387161,4.596,1.268,32.26602,32.23044,32.19595,32.15106,32.20612,32.17737,32.23093,32.15222
107.463866,5.348,1.75,32.25668,32.22983,32.1965,32.15176,32.20593,32.17633,32.23184,32.15121
107.5405951,6.233,2.177,32.24167,32.22623,32.19733,32.15204,32.2059,32.17688,32.23193,32.15173
107.6148012,6.641,2.61,32.23206,32.22397,32.19794,32.15305,32.20621,32.17664,32.23157,32.15222
107.6886601,6.97,2.932,32.21716,32.21921,32.19876,32.15366,32.20682,32.17645,32.2309,32.14993
107.7637842,6.986,3.174,32.20743,32.21423,32.19949,32.15457,32.20657,32.17566,32.23096,32.14996
107.8424032,6.709,3.307,32.19553,32.21011,32.19812,32.15448,32.20645,32.17651,32.23163,32.15039
107.916878,6.334,3.302,32.18875,32.20584,32.19772,32.15472,32.2067,32.17673,32.23151,32.15048
107.9937901,5.492,3.207,32.17981,32.19974,32.19681,32.155,32.20718,32.17661,32.23141,32.15079
108.066915,4.765,2.944,32.17575,32.19553,32.19589,32.15494,32.20779,32.17664,32.23111,32.15106
108.143157,3.479,2.627,32.17291,32.19052,32.1936,32.1546,32.20776,32.17706,32.23141,32.15146
108.2171581,2.527,2.126,32.17236,32.18747,32.19293,32.15451,32.2085,32.17697,32.23151,32.15195
108.296391,0.982,1.621,32.17484,32.18356,32.1915,32.15466,32.20837,32.17706,32.23065,32.15231
108.373405,-0.07,-1.032,32.17838,32.18146,32.18991,32.15424,32.20905,32.17703,32.23135,32.15231
108.445698,-1.655,-0.712,32.18726,32.17935,32.18793,32.15335,32.20905,32.177,32.23102,32.15198
108.519259,-2.674,-0.894,32.19482,32.17902,32.18619,32.15289,32.20877,32.17725,32.23141,32.15219
108.597137,-4.072,-1.2,32.20737,32.17899,32.18506,32.1521,32.20853,32.17688,32.23129,32.15198
108.6729121,-4.88,-1.7,32.2171,32.18005,32.1842,32.15192,32.20807,32.17737,32.23138,32.15103
108.7471972,-5.891,-2.15,32.2327,32.1825,32.1825,32.15042,32.20715,32.17725,32.23132,32.15057
108.822165,-6.398,-2.625,32.24362,32.18475,32.18176,32.15002,32.20715,32.17752,32.23141,32.15005
108.8980951,-6.876,-2.996,32.25888,32.18994,32.18195,32.1499,32.20612,32.17679,32.23129,32.15143
108.9736609,-6.995,-3.297,32.26981,32.19302,32.18115,32.14871,32.20605,32.17734,32.23184,32.14948
109.049804,-6.872,-3.483,32.2825,32.19864,32.18066,32.1481,32.20566,32.17746,32.23157,32.1496
109.1258621,-6.588,-3.543,32.29007,32.20255,32.18137,32.14828,32.20575,32.17758,32.23132,32.1492
109.2026021,-5.881,-3.507,32.29922,32.20929,32.18185,32.1474,32.20541,32.17667,32.23145,32.14914
109.274791,-5.244,-3.31,32.30423,32.2128,32.1839,32.14752,32.20499,32.17627,32.23132,32.1496
109.3531811,-4.057,-3.05,32.30786,32.21848,32.18423,32.14764,32.20566,32.17703,32.23157,32.15057
109.4271312,-3.138,-2.611,32.30841,32.22183,32.18576,32.14709,32.20596,32.17575,32.2309,32.15283
109.5091631,-1.655,-2.148,32.30615,32.22586,32.18735,32.14783,32.20581,32.17694,32.23141,32.15192
109.5771971,-0.596,-1.521,32.30304,32.22809,32.18881,32.14767,32.2059,32.17642,32.23141,32.15213
109.652576,0.998,1.007,32.29471,32.22968,32.19131,32.14883,32.20624,32.17633,32.23126,32.15271
109.7273312,2.028,0.83,32.28888,32.23047,32.19254,32.14923,32.20621,32.17612,32.23105,32.1525
109.8047671,3.494,0.921,32.27707,32.23068,32.19351,32.14966,32.20621,32.17639,32.23141,32.15219
109.8856881,4.38,1.315,32.26886,32.23019,32.19467,32.15045,32.20605,32.17645,32.23129,32.15176
109.9558401,5.503,1.72,32.25372,32.2283,32.19592,32.15134,32.20575,32.17627,32.23105,32.15143
110.0301881,6.091,2.195,32.2442,32.22629,32.19699,32.15186,32.20578,32.17606,32.23111,32.15131
110.106066,6.714,2.588,32.22952,32.22214,32.19754,32.15262,32.20596,32.17648,32.23141,32.15057
110.1834421,6.937,2.937,32.21951,32.21924,32.19785,32.15305,32.20563,32.17624,32.23148,32.15051
110.262552,6.967,3.173,32.2066,32.21402,32.19736,32.15372,32.20605,32.17615,32.23138,32.15015
110.33283,6.788,3.297,32.19666,32.21008,32.19785,32.15335,32.20587,32.17612,32.23102,32.15042
110.408824,6.224,3.32,32.18686,32.20407,32.19724,32.15387,32.20651,32.17612,32.23053,32.15039
110.484751,5.663,3.185,32.18155,32.20047,32.19608,32.15469,32.2067,32.17615,32.23148,32.15012
110.569737,4.596,2.979,32.17438,32.19476,32.19455,32.15433,32.207,32.17664,32.23111,32.15109
110.633832,3.736,2.597,32.17303,32.19083,32.19409,32.15442,32.20721,32.17661,32.23102,32.15091
110.711447,2.296,2.179,32.17139,32.18658,32.19199,32.15454,32.20792,32.1763,32.23059,32.15094
110.7869201,1.277,1.586,32.17337,32.18378,32.19092,32.15411,32.20844,32.17627,32.23056,32.15179
110.8638251,-0.316,-1.072,32.1799,32.18069,32.18933,32.15289,32.20825,32.17667,32.23117,32.15207
110.9432061,-1.38,-0.822,32.18613,32.17914,32.18738,32.15289,32.20862,32.17694,32.23105,32.1521
111.0127141,-2.9,-0.874,32.19635,32.17853,32.18628,32.15234,32.20853,32.17642,32.23071,32.15216
111.0871971,-3.824,-1.256,32.20554,32.1788,32.18439,32.15189,32.20828,32.17642,32.23062,32.15134
111.1658161,-5.053,-1.667,32.22,32.18011,32.18311,32.15073,32.20743,32.17737,32.23068,32.15106
111.2397041,-5.734,-2.176,32.23041,32.18192,32.1817,32.15045,32.20718,32.17685,32.23099,32.15015
111.314713,-6.494,-2.603,32.24579,32.18582,32.18207,32.14975,32.20663,32.17667,32.23102,32.1499
111.388695,-6.814,-3.002,32.25656,32.1893,32.18051,32.14923,32.20621,32.17706,32.23105,32.1496
111.4672081,-7,-3.292,32.27127,32.19424,32.18042,32.14825,32.20593,32.17719,32.23132,32.14996
111.5433331,-6.92,-3.477,32.28036,32.19748,32.17984,32.14752,32.20566,32.17667,32.23151,32.14877
111.6169481,-6.502,-3.556,32.2919,32.2037,32.18182,32.14734,32.20471,32.17703,32.23181,32.14966
111.6918631,-6.038,-3.49,32.29871,32.20752,32.18237,32.14706,32.20529,32.1759,32.23077,32.15024
111.7672,-5.078,-3.345,32.30453,32.21381,32.18307,32.14713,32.20541,32.17648,32.23087,32.14948
111.8438361,-4.283,-3.022,32.30731,32.2171,32.1846,32.14734,32.20566,32.17615,32.23074,32.15039
111.921463,-2.932,-2.658,32.30804,32.22238,32.18552,32.14749,32.20523,32.17621,32.23135,32.15005
111.9983079,-1.927,-2.121,32.30695,32.22501,32.18777,32.14743,32.2059,32.17612,32.23087,32.15222
112.069787,-0.352,-1.586,32.30188,32.22818,32.18903,32.14786,32.20575,32.1759,32.23071,32.1517
112.145555,0.702,1.008,32.29675,32.22952,32.19019,32.14832,32.20572,32.17566,32.2308,32.15158
112.2216401,2.263,0.739,32.2872,32.23114,32.19171,32.14877,32.20569,32.1756,32.2309,32.15167
112.2982481,3.247,0.944,32.27948,32.2312,32.19312,32.14938,32.20563,32.17606,32.23087,32.1517
112.373843,4.568,1.256,32.26639,32.23035,32.19501,32.15033,32.20596,32.1756,32.23087,32.15146
112.4486902,5.314,1.734,32.25681,32.2283,32.19553,32.15085,32.20529,32.17548,32.23111,32.15079
112.533927,6.209,2.16,32.24246,32.22577,32.19681,32.15161,32.20535,32.17569,32.23074,32.15021
112.5984061,6.629,2.596,32.2326,32.22314,32.19766,32.15222,32.20529,32.17545,32.23105,32.1499
112.6738892,6.966,2.923,32.21719,32.2186,32.19797,32.15314,32.20569,32.17581,32.2308,32.15048
112.7501462,6.99,3.167,32.20859,32.21484,32.19824,32.15295,32.20538,32.17575,32.23062,32.1499
112.8271961,6.724,3.304,32.19528,32.20898,32.19748,32.15363,32.20602,32.17609,32.23071,32.14935
112.9067922,6.348,3.303,32.18768,32.20517,32.19708,32.15414,32.20621,32.17612,32.23071,32.14966
112.9767141,5.514,3.211,32.17963,32.19971,32.19702,32.15408,32.20648,32.17575,32.23044,32.15012
113.0511281,4.804,2.952,32.17535,32.19589,32.19568,32.15417,32.20667,32.17581,32.23026,32.15042
113.1286991,3.524,2.639,32.17218,32.19012,32.1933,32.15366,32.20749,32.17664,32.23032,32.15103
113.2029271,2.56,2.142,32.17133,32.1868,32.19241,32.15436,32.20773,32.17609,32.23038,32.15106
113.2787421,1.033,1.639,32.17462,32.18295,32.1907,32.15372,32.2077,32.1756,32.23059,32.15134
113.353251,-0.035,-1.046,32.17834,32.18069,32.18887,32.15338,32.20798,32.17609,32.23087,32.15204
113.4297211,-1.621,-0.716,32.18665,32.1792,32.18762,32.15305,32.20847,32.17642,32.23007,32.15231
113.506357,-2.626,-0.89,32.19376,32.17798,32.18594,32.15237,32.2081,32.17651,32.23059,32.15167
113.5854421,-4.028,-1.187,32.20648,32.17841,32.18405,32.15109,32.20767,32.17654,32.23065,32.15088
113.655324,-4.855,-1.683,32.2164,32.17935,32.18329,32.15079,32.20749,32.1759,32.23132,32.15103
113.733156,-5.872,-2.134,32.23163,32.18204,32.18192,32.14993,32.20651,32.1759,32.2309,32.14929
113.808794,-6.378,-2.614,32.24197,32.18396,32.18161,32.1496,32.20642,32.17685,32.22998,32.14948
113.8838902,-6.865,-2.984,32.2583,32.18875,32.18063,32.14838,32.20602,32.17679,32.23074,32.14948
113.962167,-6.994,-3.289,32.26819,32.19281,32.18146,32.14868,32.20633,32.17703,32.23102,32.14938
114.033999,-6.882,-3.479,32.28131,32.19821,32.18082,32.14777,32.20523,32.17642,32.2309,32.14899
114.108216,-6.606,-3.543,32.28842,32.20212,32.18082,32.14761,32.20499,32.17651,32.23062,32.14896
114.18593,-5.91,-3.513,32.29877,32.20782,32.18195,32.14679,32.20486,32.17648,32.23114,32.14877
114.2710011,-5.268,-3.321,32.30316,32.21185,32.18274,32.14688,32.20502,32.17642,32.23111,32.14957
114.336231,-4.099,-3.063,32.30756,32.21808,32.18423,32.14676,32.20514,32.17596,32.23102,32.14981
114.409982,-3.185,-2.63,32.30765,32.22092,32.18472,32.14664,32.20459,32.17636,32.23032,32.15073
114.4882631,-1.69,-2.177,32.30539,32.22507,32.18649,32.14734,32.20541,32.17593,32.23065,32.15106
114.5629861,-0.649,-1.548,32.30237,32.2269,32.18814,32.14749,32.20541,32.17599,32.23038,32.1514
114.6428871,0.947,1.026,32.29517,32.22958,32.19006,32.14783,32.20523,32.17563,32.2305,32.15149
114.7127581,1.994,0.834,32.28888,32.23038,32.19144,32.14838,32.20535,32.17523,32.23041,32.15161
114.787904,3.463,0.914,32.27716,32.23035,32.19318,32.14929,32.20554,32.17545,32.23032,32.15146
114.8626552,4.338,1.301,32.26807,32.22971,32.19379,32.1499,32.20529,32.17584,32.23035,32.15063
114.939152,5.471,1.7,32.25397,32.22748,32.19574,32.15021,32.20514,32.17581,32.23053,32.15042
115.0138991,6.073,2.18,32.24451,32.22586,32.19595,32.15088,32.20486,32.17642,32.23059,32.15054
115.089946,6.704,2.574,32.22845,32.22195,32.1969,32.15164,32.20566,32.17548,32.23053,32.15042
115.1647921,6.93,2.925,32.21936,32.21854,32.19757,32.15268,32.20508,32.17545,32.23044,32.14996
115.2415361,6.972,3.165,32.20569,32.21323,32.19711,32.15274,32.20529,32.17493,32.23013,32.14908
115.3152871,6.797,3.294,32.19684,32.20972,32.19748,32.15366,32.20578,32.17557,32.22983,32.14868
115.3922541,6.248,3.322,32.18622,32.20367,32.19672,32.15341,32.20566,32.1756,32.23056,32.14984
115.466748,5.693,3.192,32.18045,32.19955,32.19611,32.15402,32.20618,32.17581,32.23007,32.14984
115.5430942,4.622,2.991,32.1745,32.19373,32.19455,32.15375,32.20667,32.1759,32.23032,32.1496
115.6196971,3.766,2.61,32.17215,32.19046,32.19312,32.15335,32.20721,32.17551,32.23071,32.15036
115.6963341,2.346,2.192,32.17139,32.18579,32.19174,32.15356,32.20734,32.1756,32.23022,32.15121
115.7701471,1.312,1.605,32.17368,32.18307,32.19064,32.15298,32.20755,32.17581,32.23019,32.15088
115.8463731,-0.281,-1.089,32.17908,32.18005,32.18851,32.15289,32.20755,32.17581,32.22989,32.15057
115.9219592,-1.328,-0.822,32.18463,32.17856,32.18677,32.15259,32.20798,32.17596,32.2298,32.15155
115.9992251,-2.852,-0.864,32.1955,32.17798,32.18539,32.15146,32.20761,32.17609,32.23029,32.15128
116.073736,-3.794,-1.242,32.2041,32.17844,32.18417,32.15091,32.20731,32.17599,32.23004,32.15073
116.148941,-5.029,-1.652,32.21872,32.17953,32.18274,32.15012,32.20709,32.17578,32.2298,32.15012
116.2236261,-5.704,-2.163,32.22894,32.18094,32.18137,32.14993,32.20657,32.17612,32.23019,32.14972
116.3002121,-6.475,-2.589,32.24503,32.18515,32.1813,32.14862,32.20596,32.17615,32.2309,32.14911
116.37674,-6.805,-2.993,32.25549,32.18823,32.18057,32.14844,32.20529,32.17639,32.23071,32.14862
116.44871,-7,-3.282,32.26968,32.19312,32.18002,32.14774,32.20505,32.17612,32.23038,32.14832
116.524761,-6.928,-3.474,32.27899,32.19647,32.18124,32.14636,32.20493,32.17584,32.23065,32.14792
116.602699,-6.521,-3.556,32.29059,32.20316,32.1813,32.14703,32.20535,32.17648,32.23035,32.14853
116.67851,-6.055,-3.494,32.29733,32.20703,32.18097,32.14645,32.20471,32.17606,32.23016,32.14868
116.7532351,-5.114,-3.351,32.3038,32.21237,32.18231,32.14673,32.20447,32.17575,32.23026,32.14972
116.8263891,-4.325,-3.036,32.30627,32.21649,32.18387,32.14655,32.20465,32.17569,32.23022,32.14963
116.903055,-2.964,-2.676,32.3075,32.22116,32.18423,32.14633,32.20477,32.17606,32.23019,32.15024
116.978292,-1.978,-2.137,32.30643,32.22394,32.18597,32.14679,32.20517,32.1756,32.22989,32.15027
117.053937,-0.404,-1.602,32.30157,32.22763,32.18799,32.14737,32.20499,32.17496,32.23029,32.15131
117.1309001,0.667,1.021,32.29694,32.22861,32.18958,32.14728,32.20508,32.17474,32.23019,32.15118
117.205914,2.23,0.74,32.28702,32.2301,32.19135,32.14789,32.20508,32.17529,32.23004,32.15039
117.2809281,3.2,0.935,32.27881,32.22968,32.19232,32.14914,32.20471,32.17554,32.23016,32.15118
117.3582082,4.529,1.24,32.26602,32.22931,32.19406,32.14917,32.20493,32.17493,32.23019,32.15094
117.431848,5.291,1.719,32.25674,32.22797,32.19467,32.14996,32.20496,32.17514,32.22968,32.15039
117.5087781,6.192,2.146,32.241,32.22556,32.19626,32.15167,32.20514,32.17477,32.22977,32.14966
117.5825531,6.612,2.583,32.23102,32.22217,32.19669,32.15182,32.20462,32.17529,32.22986,32.14996
117.6581712,6.96,2.911,32.21667,32.21793,32.19714,32.15173,32.20428,32.17471,32.23013,32.1488
117.733521,6.991,3.161,32.20798,32.21347,32.19714,32.15244,32.20471,32.17538,32.23004,32.14902
117.8111892,6.738,3.302,32.19476,32.20834,32.19702,32.15314,32.20541,32.17505,32.23016,32.14914
117.8866601,6.37,3.305,32.18671,32.20435,32.19537,32.15298,32.20514,32.17569,32.22964,32.14868
117.9620111,5.546,3.218,32.17868,32.19904,32.19525,32.15271,32.20609,32.17514,32.23007,32.14963
118.0349391,4.842,2.964,32.1748,32.19485,32.19342,32.15347,32.20651,32.17529,32.23016,32.1499
118.1111331,3.57,2.656,32.17026,32.18958,32.1929,32.1532,32.20651,32.1756,32.23004,32.15024
118.188308,2.609,2.162,32.17062,32.18665,32.19174,32.15356,32.20663,32.17535,32.23004,32.14987
118.2626641,1.068,1.662,32.17401,32.18243,32.19,32.15277,32.20724,32.17529,32.2294,32.15103
118.33922,0.017,1.063,32.17712,32.18063,32.18777,32.15228,32.20746,32.17523,32.22983,32.15115
118.420011,-1.57,-0.721,32.18582,32.17761,32.18689,32.15201,32.20731,32.17575,32.23007,32.15118
118.4886642,-2.593,-0.882,32.19223,32.17722,32.18561,32.15091,32.20724,32.17581,32.2301,32.15057
118.565913,-4,-1.177,32.20587,32.17743,32.18375,32.15036,32.20697,32.17563,32.23001,32.15015
118.642133,-4.817,-1.673,32.21515,32.17828,32.18253,32.15018,32.20703,32.17612,32.22974,32.15005
118.718277,-5.843,-2.121,32.23117,32.18134,32.18137,32.14935,32.20612,32.17575,32.23083,32.14969
118.7913711,-6.362,-2.599,32.24103,32.18378,32.18021,32.1478,32.2052,32.17566,32.23019,32.1489
118.8672931,-6.854,-2.974,32.25665,32.18823,32.17926,32.14737,32.2059,32.17569,32.23013,32.14938
118.9424381,-6.99,-3.279,32.26694,32.19064,32.18048,32.14767,32.20483,32.17615,32.22971,32.14786
119.0204132,-6.888,-3.475,32.28061,32.19763,32.1792,32.14679,32.20447,32.17609,32.23035,32.14804
119.1012762,-6.624,-3.543,32.28763,32.2012,32.18036,32.14639,32.20444,32.1759,32.23071,32.14825
119.1687961,-5.938,-3.517,32.2984,32.20663,32.18109,32.1463,32.20468,32.17612,32.23004,32.14728
119.2429271,-5.302,-3.33,32.30255,32.21069,32.18152,32.14633,32.20425,32.17581,32.23016,32.14862
119.3210511,-4.128,-3.075,32.30643,32.21671,32.18332,32.14569,32.20425,32.1756,32.22968,32.14908
119.3974202,-3.232,-2.642,32.30679,32.21994,32.18408,32.14621,32.20474,32.17551,32.23004,32.14987
119.4710021,-1.74,-2.188,32.30457,32.22394,32.18695,32.14655,32.20444,32.17499,32.2298,32.15039
119.5461681,-0.684,-1.565,32.30151,32.22635,32.18726,32.14682,32.2048,32.17496,32.22952,32.1506
119.6218801,0.912,1.044,32.29443,32.22891,32.1897,32.14679,32.20456,32.17545,32.22977,32.15042
119.6982651,1.944,0.835,32.28873,32.22943,32.19028,32.14801,32.20493,32.17474,32.22949,32.15094
119.7728112,3.418,0.903,32.27621,32.22977,32.19183,32.14816,32.20435,32.17422,32.22983,32.15073
119.8473032,4.31,1.288,32.26785,32.22903,32.19293,32.1488,32.20422,32.1752,32.22958,32.15063
119.9233902,5.437,1.686,32.25323,32.22726,32.19498,32.15005,32.20459,32.17468,32.23026,32.15033
119.998147,6.047,2.164,32.2439,32.22437,32.1951,32.15079,32.20465,32.17514,32.22906,32.14859
120.0740662,6.689,2.559,32.2291,32.22168,32.19537,32.15042,32.20407,32.17484,32.22983,32.14926
120.150687,6.923,2.915,32.21832,32.21848,32.19748,32.15103,32.20432,32.17493,32.22989,32.15012
120.227061,6.977,3.159,32.20401,32.21252,32.1958,32.15219,32.20483,32.17395,32.22937,32.14813
120.301302,6.809,3.291,32.19724,32.20929,32.1965,32.15283,32.20432,32.17487,32.22922,32.14813
120.3781941,6.264,3.322,32.18573,32.20343,32.19543,32.15253,32.20493,32.17505,32.22952,32.14862
120.4545541,5.724,3.196,32.17929,32.1987,32.19476,32.15347,32.20499,32.17438,32.22885,32.14886
120.530328,4.662,3,32.17297,32.19324,32.19324,32.1528,32.20599,32.17477,32.22968,32.14923
120.6048992,3.81,2.625,32.16989,32.18991,32.19302,32.15305,32.20636,32.17468,32.22943,32.15042
120.6800661,2.378,2.211,32.17087,32.18536,32.19058,32.15253,32.20651,32.1752,32.2298,32.14951
120.755568,1.363,1.623,32.17175,32.18259,32.18967,32.1524,32.20654,32.17468,32.22983,32.15033
120.8325381,-0.228,-1.107,32.17761,32.1795,32.18823,32.15231,32.20697,32.17468,32.22906,32.15039
120.910651,-1.294,-0.825,32.18323,32.17801,32.18619,32.15161,32.20712,32.17523,32.22885,32.15042
120.9821851,-2.803,-0.856,32.19464,32.177,32.18448,32.15085,32.20718,32.17538,32.22971,32.14929
121.0573192,-3.75,-1.23,32.20242,32.17697,32.18317,32.15045,32.20636,32.17517,32.22943,32.14999
121.13399,-4.992,-1.635,32.2178,32.17844,32.18158,32.14975,32.20618,32.17523,32.2291,32.14923
121.2092872,-5.672,-2.144,32.22711,32.18002,32.18152,32.14868,32.20599,32.17502,32.22977,32.14865
121.287514,-6.455,-2.574,32.24347,32.18335,32.18002,32.14801,32.20547,32.17548,32.22977,32.1492
121.3583601,-6.792,-2.978,32.2533,32.18671,32.18097,32.14703,32.20444,32.17648,32.22968,32.1481
121.4363101,-6.998,-3.272,32.26822,32.19275,32.1803,32.14716,32.20462,32.1759,32.22958,32.14816
121.5088232,-6.935,-3.467,32.27774,32.19672,32.17871,32.147,32.2038,32.17551,32.22952,32.14743
121.5870831,-6.54,-3.555,32.28949,32.20221,32.17917,32.14639,32.20392,32.17535,32.22998,32.14734
121.6608992,-6.082,-3.498,32.29568,32.20587,32.17883,32.14523,32.20425,32.17703,32.23035,32.14648
121.736846,-5.15,-3.36,32.30289,32.21146,32.18149,32.14508,32.20422,32.17514,32.23059,32.14893
121.8122051,-4.366,-3.047,32.30542,32.21515,32.18237,32.14508,32.2038,32.1752,32.22989,32.14944
121.8898041,-3.012,-2.692,32.30591,32.22018,32.1842,32.1459,32.20364,32.17474,32.2298,32.14944
121.96701,-2.028,-2.156,32.3053,32.22278,32.18484,32.14569,32.20419,32.17459,32.22958,32.15015
122.0392652,-0.456,-1.627,32.30103,32.22681,32.18716,32.1467,32.20416,32.17447,32.22968,32.15057
122.1140141,0.614,1.038,32.29568,32.22787,32.18903,32.14624,32.20435,32.17468,32.22958,32.15067
122.1922321,2.179,0.74,32.28592,32.2291,32.19089,32.14789,32.20432,32.17389,32.22949,32.15005
122.2667131,3.154,0.925,32.27869,32.22955,32.19177,32.14828,32.20422,32.1745,32.22913,32.15048
122.3413191,4.488,1.224,32.26553,32.2287,32.19348,32.14868,32.20444,32.17453,32.22931,32.14993
122.415827,5.256,1.701,32.2561,32.22681,32.19308,32.14951,32.20441,32.17462,32.22974,32.14886
122.4919531,6.167,2.128,32.24091,32.22452,32.19568,32.15039,32.20398,32.1741,32.22937,32.15005
122.5673749,6.594,2.568,32.23129,32.22134,32.19641,32.15057,32.20404,32.17435,32.22958,32.1496
122.6437151,6.955,2.9,32.21582,32.21762,32.19644,32.15173,32.20358,32.17465,32.22958,32.14844
122.718847,6.994,3.154,32.20694,32.21326,32.19562,32.15192,32.20447,32.17447,32.2294,32.1489
122.794024,6.752,3.298,32.1944,32.20862,32.19629,32.15228,32.20435,32.17422,32.22931,32.14853
122.868309,6.392,3.307,32.1868,32.20407,32.19543,32.15207,32.20438,32.17468,32.229,32.14935
122.94642,5.579,3.224,32.1777,32.19806,32.19455,32.15344,32.20468,32.17462,32.22845,32.1488
123.022193,4.88,2.974,32.17349,32.1944,32.19409,32.15271,32.20563,32.17401,32.22876,32.14862
123.1008601,3.616,2.67,32.17004,32.18939,32.19183,32.15244,32.20581,32.17468,32.22913,32.14896
123.1708961,2.658,2.183,32.16949,32.18558,32.19086,32.15244,32.20627,32.17493,32.22928,32.1499
123.246954,1.121,1.685,32.17212,32.18155,32.1893,32.15231,32.20654,32.17487,32.22876,32.15021
123.3233681,0.07,1.083,32.17575,32.17932,32.18784,32.15198,32.20679,32.17459,32.22885,32.15021
123.4004412,-1.518,-0.732,32.18445,32.17737,32.18527,32.15106,32.20679,32.17471,32.22922,32.15027
123.477972,-2.544,-0.878,32.19147,32.17679,32.18454,32.15042,32.2067,32.17499,32.22916,32.14996
123.5490072,-3.955,-1.163,32.20416,32.17667,32.18295,32.15009,32.20636,32.17511,32.22943,32.14944
123.6247041,-4.778,-1.653,32.21338,32.17746,32.18216,32.1499,32.2059,32.17487,32.22913,32.14911
123.7022271,-5.814,-2.1,32.22873,32.18063,32.18027,32.14832,32.20551,32.17545,32.2294,32.14883
123.7770531,-6.341,-2.584,32.23917,32.1824,32.17972,32.14786,32.20526,32.17575,32.22958,32.14761
123.8515851,-6.844,-2.96,32.2547,32.18719,32.1795,32.14728,32.20459,32.17529,32.22894,32.14801
123.926228,-6.988,-3.27,32.26498,32.1907,32.17935,32.14658,32.20395,32.1752,32.22968,32.14737
124.0032291,-6.898,-3.469,32.27838,32.1958,32.17889,32.14636,32.20395,32.17542,32.22922,32.14716
124.0787752,-6.641,-3.542,32.28616,32.2001,32.17834,32.14572,32.20349,32.17529,32.22949,32.14679
124.1587842,-5.965,-3.52,32.29535,32.20645,32.18161,32.14496,32.20297,32.17447,32.2294,32.14841
124.228339,-5.336,-3.337,32.30042,32.21011,32.181,32.14563,32.20367,32.17401,32.23004,32.14828
124.3048851,-4.171,-3.087,32.30389,32.21515,32.18253,32.14517,32.20346,32.17493,32.22913,32.14941
124.3808792,-3.278,-2.662,32.30463,32.21872,32.18311,32.14551,32.2038,32.17499,32.22916,32.14874
124.4573622,-1.792,-2.21,32.30377,32.22314,32.18524,32.14587,32.20343,32.17493,32.22922,32.14969
124.5298131,-0.737,-1.591,32.30011,32.22546,32.18619,32.14578,32.20386,32.17422,32.22903,32.14975
124.605937,0.859,1.065,32.29382,32.22754,32.18823,32.14615,32.20401,32.17389,32.22864,32.14941
124.681618,1.894,0.837,32.28735,32.22824,32.18948,32.14734,32.20395,32.17386,32.22885,32.15033
124.7589281,3.372,0.895,32.27609,32.22885,32.19135,32.14728,32.20383,32.17416,32.22916,32.15033
124.8323371,4.268,1.271,32.26688,32.2283,32.19318,32.14731,32.2038,32.17441,32.22949,32.14905
124.9083481,5.404,1.669,32.25287,32.22592,32.19385,32.1492,32.20377,32.17365,32.22873,32.14975
124.9828579,6.02,2.147,32.24185,32.22424,32.19446,32.1496,32.20328,32.17346,32.22885,32.14899
125.0603421,6.673,2.545,32.22769,32.21994,32.19559,32.14999,32.20364,32.1738,32.22852,32.14847
125.133671,6.914,2.902,32.21725,32.21707,32.19553,32.15121,32.20352,32.17438,32.2291,32.14832
125.209419,6.98,3.15,32.20505,32.21115,32.19699,32.15097,32.20355,32.17441,32.22818,32.14868
125.284853,6.821,3.288,32.19537,32.20804,32.19513,32.1521,32.20364,32.17288,32.22922,32.14771
125.361764,6.288,3.323,32.18457,32.20309,32.1944,32.15228,32.20416,32.17416,32.22864,32.14832
125.4372392,5.754,3.203,32.1788,32.19849,32.19391,32.15234,32.20447,32.17416,32.22867,32.14832
125.513396,4.7,3.012,32.17139,32.19342,32.19315,32.15143,32.20483,32.17468,32.22916,32.14798
125.5917861,3.853,2.64,32.17029,32.1893,32.19208,32.15231,32.20538,32.17432,32.22885,32.14893
125.6632411,2.444,2.235,32.16907,32.18439,32.19003,32.15189,32.20581,32.17432,32.2283,32.14926
125.7383571,1.415,1.65,32.17126,32.18155,32.18854,32.15201,32.20642,32.17392,32.22858,32.1496
125.8150182,-0.175,-1.129,32.17621,32.17868,32.18692,32.15106,32.20633,32.17429,32.22885,32.14929
125.8914111,-1.224,-0.827,32.18222,32.17731,32.1861,32.15024,32.20618,32.17422,32.22861,32.14969
125.96698,-2.755,-0.842,32.1926,32.1759,32.18372,32.1503,32.20621,32.17447,32.22855,32.14966
126.0409091,-3.706,-1.209,32.20047,32.17642,32.18259,32.14914,32.20587,32.17456,32.22876,32.1506
126.116626,-4.955,-1.612,32.21594,32.17761,32.18069,32.14835,32.20514,32.17465,32.22937,32.14877
126.1927931,-5.641,-2.122,32.22607,32.17972,32.1799,32.14816,32.20499,32.17487,32.22897,32.1478
126.26986,-6.434,-2.556,32.24191,32.18286,32.17963,32.14752,32.20432,32.17468,32.22873,32.1474
126.357934,-6.78,-2.966,32.25214,32.18567,32.17844,32.14673,32.20416,32.17493,32.229,32.14697
126.4189332,-6.997,-3.262,32.26736,32.19092,32.17816,32.14563,32.20358,32.17474,32.22922,32.14639
126.4932501,-6.942,-3.462,32.2774,32.194,32.17923,32.14563,32.20374,32.17468,32.22958,32.14648
126.5708132,-6.558,-3.555,32.2876,32.20029,32.17957,32.14523,32.20297,32.17462,32.22913,32.14728
126.6466241,-6.108,-3.503,32.29434,32.20493,32.17941,32.14493,32.20227,32.17441,32.22949,32.14709
126.7311401,-5.185,-3.368,32.30176,32.21057,32.18048,32.14505,32.20273,32.17401,32.22888,32.14621
126.7966301,-4.406,-3.062,32.30493,32.21362,32.18228,32.14499,32.20309,32.17441,32.22906,32.14679
126.8722641,-3.059,-2.711,32.30588,32.21945,32.18393,32.14484,32.20297,32.17422,32.22903,32.14859
126.947392,-2.078,-2.179,32.30432,32.22244,32.18469,32.14536,32.20294,32.1741,32.22876,32.14981
127.024008,-0.509,-1.652,32.29956,32.22522,32.18689,32.14554,32.20346,32.17386,32.22821,32.14963
127.103724,0.562,1.055,32.29535,32.22714,32.18762,32.1456,32.20355,32.17371,32.22876,32.14975
127.1740592,2.129,0.74,32.28619,32.22812,32.18961,32.1463,32.20337,32.17386,32.22861,32.15005
127.25052,3.107,0.914,32.27893,32.22824,32.19086,32.14661,32.20331,32.17325,32.22916,32.14905
127.3240499,4.447,1.205,32.26477,32.2276,32.1925,32.14783,32.20334,32.17349,32.22849,32.14923
127.402024,5.221,1.681,32.2554,32.22607,32.19391,32.14835,32.20367,32.17319,32.22855,32.14896
127.4763801,6.133,2.108,32.24094,32.22351,32.19363,32.14932,32.2034,32.17319,32.2287,32.14868
127.5509481,6.576,2.551,32.23071,32.22043,32.19498,32.1496,32.20328,32.17334,32.22849,32.14847
127.6284699,6.948,2.885,32.21521,32.21606,32.19641,32.1503,32.20297,32.17334,32.22864,32.14853
127.703115,6.996,3.145,32.20667,32.21295,32.1951,32.15063,32.20316,32.17358,32.22855,32.14798
127.785104,6.766,3.295,32.19373,32.20718,32.19434,32.15161,32.20352,32.17404,32.22821,32.14813
127.8531981,6.413,3.308,32.18686,32.20282,32.1947,32.15164,32.20392,32.17368,32.22855,32.14764
127.9315791,5.61,3.234,32.1778,32.19702,32.19522,32.15112,32.20413,32.17426,32.22812,32.14795
128.0099921,4.918,2.987,32.17291,32.1926,32.19202,32.15195,32.20453,32.17419,32.22809,32.14868
128.0897272,3.661,2.688,32.16904,32.18762,32.19067,32.15192,32.20499,32.17386,32.2287,32.14923
128.1565042,2.707,2.203,32.16913,32.18478,32.19086,32.15125,32.20538,32.17371,32.22812,32.14896
128.2308969,1.19,1.709,32.17078,32.18088,32.1889,32.15161,32.2063,32.17349,32.22906,32.14865
128.3065481,0.122,1.106,32.1749,32.17917,32.18686,32.15109,32.20538,32.17386,32.22864,32.14838
128.3838332,-1.466,-0.744,32.18311,32.17645,32.18457,32.15036,32.20551,32.17459,32.228,32.14899
128.4583521,-2.478,-0.871,32.18994,32.1756,32.18317,32.15039,32.20618,32.17334,32.2283,32.14923
128.5329762,-3.898,-1.143,32.20212,32.17566,32.18268,32.14865,32.20554,32.17468,32.22855,32.14893
128.6074111,-4.74,-1.628,32.21234,32.17682,32.18103,32.14816,32.20493,32.17447,32.22845,32.14896
128.6850121,-5.784,-2.079,32.22745,32.17889,32.17966,32.1478,32.20499,32.17419,32.22818,32.1478
128.760994,-6.311,-2.564,32.23743,32.18216,32.17801,32.14679,32.20468,32.17438,32.22852,32.14737
128.8459802,-6.833,-2.944,32.25528,32.18573,32.17795,32.14636,32.20319,32.17474,32.22867,32.14743
128.9099081,-6.984,-3.258,32.26376,32.18915,32.17776,32.14624,32.20316,32.17499,32.22937,32.14774
128.986486,-6.91,-3.462,32.27707,32.19516,32.17859,32.1456,32.20273,32.17422,32.22839,32.14636
129.0662241,-6.656,-3.541,32.28625,32.19852,32.17926,32.14587,32.2019,32.17487,32.22849,32.14688
129.137058,-5.993,-3.523,32.29489,32.20483,32.17914,32.14438,32.20258,32.17416,32.22867,32.14697
129.2145071,-5.382,-3.346,32.29962,32.20868,32.18039,32.14426,32.2027,32.17462,32.22891,32.14771
129.288326,-4.226,-3.105,32.30304,32.21469,32.18295,32.14459,32.20242,32.17374,32.22906,32.14719
129.363133,-3.325,-2.681,32.30469,32.21786,32.18271,32.14456,32.20251,32.1738,32.22855,32.14862
129.4462562,-1.842,-2.231,32.30334,32.22195,32.18372,32.14499,32.20303,32.17401,32.22818,32.14835
129.5215671,-0.806,-1.619,32.30069,32.22394,32.1853,32.14545,32.203,32.17307,32.22809,32.14896
129.5981741,0.79,1.093,32.29309,32.22705,32.18674,32.14548,32.20294,32.17325,32.22861,32.14975
129.665292,1.842,0.84,32.28604,32.22787,32.1889,32.1456,32.2027,32.17343,32.22794,32.1488
129.7417362,3.325,0.886,32.27576,32.22781,32.19049,32.14682,32.20319,32.17358,32.22778,32.14935
129.815866,4.213,1.254,32.26605,32.22675,32.19156,32.14761,32.20273,32.17386,32.22836,32.14847
129.8925421,5.37,1.646,32.25229,32.22549,32.19379,32.14777,32.20255,32.17358,32.22852,32.14862
129.9683421,5.993,2.127,32.24246,32.22366,32.19357,32.14853,32.20206,32.17316,32.22842,32.14838
130.04409,6.652,2.53,32.22763,32.21878,32.19409,32.14987,32.20251,32.17325,32.22787,32.14764
130.118001,6.906,2.89,32.21652,32.21597,32.1958,32.14862,32.20297,32.17325,32.22791,32.14783
130.1960862,6.984,3.141,32.20383,32.2113,32.19531,32.15005,32.20273,32.17334,32.22812,32.14713
130.2686341,6.836,3.284,32.19424,32.20786,32.19434,32.15015,32.20325,32.17386,32.2283,32.14771
130.3451531,6.318,3.326,32.18356,32.20221,32.19336,32.15137,32.2038,32.17297,32.22757,32.14789
130.420414,5.784,3.211,32.17673,32.1976,32.19302,32.15134,32.20386,32.17358,32.22781,32.14722
130.4976621,4.74,3.023,32.17245,32.19174,32.19104,32.15161,32.20435,32.17352,32.22775,32.14624
130.5764,3.912,2.662,32.16882,32.18848,32.19107,32.15085,32.20456,32.17325,32.22791,32.14828
130.6474252,2.495,2.259,32.16818,32.18311,32.19046,32.15125,32.20462,32.17343,32.22836,32.14862
130.7224171,1.466,1.68,32.1701,32.1806,32.18851,32.15048,32.20517,32.17346,32.22809,32.14877
130.7980511,-0.122,-1.156,32.17551,32.17719,32.18622,32.15063,32.20557,32.17395,32.22766,32.1489
130.872998,-1.172,-0.831,32.18069,32.17581,32.18475,32.15021,32.20529,32.17404,32.22726,32.14877
130.948746,-2.707,-0.832,32.19125,32.17548,32.18259,32.14944,32.20499,32.17325,32.2283,32.14883
131.0234971,-3.661,-1.191,32.20016,32.17514,32.18213,32.14856,32.20493,32.17371,32.22824,32.14859
131.1002421,-4.906,-1.592,32.21396,32.17648,32.18021,32.1481,32.20477,32.17371,32.22772,32.14777
131.174633,-5.61,-2.1,32.22372,32.17847,32.17874,32.14746,32.20401,32.17343,32.22781,32.14731
131.2513912,-6.413,-2.535,32.24039,32.18231,32.17792,32.14651,32.20395,32.1741,32.22787,32.14673
131.326139,-6.762,-2.948,32.25031,32.18481,32.17667,32.14539,32.20346,32.17386,32.22836,32.14539
131.4022181,-6.996,-3.248,32.26617,32.18979,32.17746,32.14542,32.20248,32.17355,32.22784,32.14532
131.4771001,-6.948,-3.455,32.27411,32.19354,32.1778,32.14529,32.20264,32.17343,32.22803,32.14606
131.5529001,-6.576,-3.551,32.28729,32.19931,32.17679,32.14377,32.20245,32.17432,32.2283,32.14673
131.6289711,-6.142,-3.506,32.29309,32.20407,32.17679,32.14404,32.20258,32.17386,32.22818,32.14612
131.707449,-5.221,-3.377,32.30005,32.20953,32.17999,32.1441,32.202,32.17325,32.22821,32.147
